English,Tamil
Abacus,எண்ணிப்பலகை
Abandon,கைவிடு
Abandoned,கைவிடப்பட்ட
Abandonment,கைவிடுதல்
Abate,குறையச்செய்
Abbey,மடாலயம்
Abbot,மடாதிபதி
Abbreviate,சுருக்கு
Abbreviation,சுருக்கம்
Abdomen,வயிறு
Abdominal,வயிற்று சார்ந்த
Abduct,கடத்திச் செல்
Abduction,கடத்தல்
Aberration,விலகல்
Abide,பின்பற்று
Ability,திறமை
Abject,மிகவும் மோசமான
Able,திறன் உடைய
Abnormal,இயல்பற்ற
Abnormality,அசாதாரணம்
Aboard,கப்பலில்
Abode,வசிப்பிடம்
Abolish,ஒழி
Abolition,ஒழிப்பு
Abominable,அருவருப்பான
Aboriginal,பழங்குடியினர்
Abort,நிறுத்து
Abortion,கருக்கலைப்பு
Abound,நிறைந்து இரு
About,பற்றி
Above,மேலே
Abrasive,கரடுமுரடான
Abroad,வெளிநாட்டில்
Abrupt,திடீர்
Absence,இல்லாமை
Absent,இல்லாத
Absolute,முழுமையான
Absolutely,முற்றிலும்
Absolve,விடுவி
Absorb,உறிஞ்சு
Absorption,உறிஞ்சுதல்
Abstract,கருத்தியல்
Abstraction,சுருக்கம்
Absurd,அபத்தமான
Abundance,ஏராளம்
Abundant,அதிகமான
Abuse,துஷ்பிரயோகம்
Abusive,இழிவான
Academia,கல்வித்துறை
Academic,கல்வி சார்ந்த
Academy,கல்வி நிறுவனம்
Accelerate,வேகப்படுத்து
Acceleration,முடுக்கம்
Accent,உச்சரிப்பு
Accept,ஏற்று
Acceptable,ஏற்றுக்கொள்ளத்தக்க
Acceptance,ஏற்றுக்கொள்ளுதல்
Access,அணுகல்
Accessible,அணுகக்கூடிய
Accessory,துணைப்பொருள்
Accident,விபத்து
Accidental,தற்செயலான
Acclaim,பாராட்டு
Accommodate,இடமளி
Accommodation,தங்குமிடம்
Accompany,உடன் செல்
Accomplice,குற்றத்துணை
Accomplish,நிறைவேற்று
Accomplishment,சாதனை
Accord,உடன்பாடு
According,படி
Account,கணக்கு
Accountability,பொறுப்புணர்வு
Accountable,பொறுப்புள்ள
Accountant,கணக்காளர்
Accounting,கணக்கியல்
Accumulate,சேகரி
Accumulation,சேகரிப்பு
Accuracy,துல்லியம்
Accurate,துல்லியமான
Accusation,குற்றச்சாட்டு
Accuse,குற்றம் சாட்டு
Accused,குற்றம் சாட்டப்பட்டவர்
Ache,வலி
Achieve,சாதி
Achievement,சாதனை
Acid,அமிலம்
Acidity,அமிலத்தன்மை
Acknowledge,ஒப்புக்கொள்
Acknowledgement,ஒப்புதல்
Acoustic,ஒலியியல் சார்ந்த
Acquire,பெறு
Acquisition,கையகப்படுத்தல்
Acquit,விடுதலை செய்
Acquaintance,அறிமுகம்
Across,குறுக்கே
Act,செய்
Action,நடவடிக்கை
Activate,செயல்படுத்து
Activation,செயல்படுத்தல்
Active,செயலில் உள்ள
Activity,செயல்பாடு
Actor,நடிகர்
Actress,நடிகை
Actual,உண்மையான
Actually,உண்மையில்
Acute,கடுமையான
Adapt,ஏற்படு
Adaptation,தழுவல்
Adapter,இணைப்பான்
Add,சேர்
Addition,கூட்டல்
Additional,கூடுதல்
Address,முகவரி
Adept,திறமையான
Adequate,போதுமான
Adhere,பின்பற்று
Adhesive,ஒட்டும் பொருள்
Adjacent,அருகிலுள்ள
Adjective,பெயரடை
Adjust,சரிசெய்
Adjustment,சரிசெய்தல்
Admin,நிர்வாகி
Administer,நிர்வகி
Administration,நிர்வாகம்
Administrator,நிர்வாகி
Admirable,பாராட்டத்தக்க
Admiral,கடற்படைத் தளபதி
Admiration,பாராட்டு
Admire,பாராட்டு
Admission,அனுமதி
Admit,ஒப்புக்கொள்
Adolescent,இளம் வயதினர்
Adopt,தத்தெடு
Adoption,தத்தெடுத்தல்
Adorable,அழகான
Adore,மிக விரும்பு
Adult,வயது வந்தவர்
Advance,முன்னேறு
Advanced,மேம்பட்ட
Advancement,முன்னேற்றம்
Advantage,நன்மை
Adventure,சாகசம்
Adverb,வினையடை
Adversary,எதிரி
Adverse,பாதகமான
Advertise,விளம்பரம் செய்
Advertisement,விளம்பரம்
Advertiser,விளம்பரதாரர்
Advice,அறிவுரை
Advisable,பரிந்துரைக்கத்தக்க
Advise,ஆலோசனை வழங்கு
Advisor,ஆலோசகர்
Advocate,ஆதரிப்பவர்
Aerial,வான்வழி
Aerobic,உடற்பயிற்சி சார்ந்த
Aeroplane,விமானம்
Aesthetic,அழகியல்
Affair,விவகாரம்
Affect,பாதி
Affection,அன்பு
Affiliate,இணை
Affiliation,இணைப்பு
Affinity,நெருக்கம்
Affirm,உறுதிப்படுத்து
Affirmation,உறுதிப்படுத்தல்
Afford,வாங்கும் வசதி உடையிரு
Afraid,பயந்த
After,பிறகு
Aftermath,பின்விளைவு
Afternoon,பிற்பகல்
Afterward,பின்னர்
Again,மீண்டும்
Against,எதிராக
Age,வயது
Agency,முகமை
Agenda,நிகழ்ச்சி நிரல்
Agent,முகவர்
Aggression,ஆக்கிரமிப்பு
Aggressive,ஆக்கிரமிப்பான
Agile,சுறுசுறுப்பான
Agility,சுறுசுறுப்பு
Ago,முன்பு
Agony,வேதனை
Agree,ஒப்புக்கொள்
Agreement,ஒப்பந்தம்
Agriculture,விவசாயம்
Aid,உதவி
Aide,உதவியாளர்
Aim,நோக்கம்
Air,காற்று
Aircraft,விமானம்
Airline,விமான நிறுவனம்
Airport,விமான நிலையம்
Alarm,எச்சரிக்கை
Album,ஆல்பம்
Alcohol,மது
Alert,எச்சரிக்கை
Algebra,இயற்கணிதம்
Alias,மாற்றுப்பெயர்
Alien,வேற்றுகிரகவாசி
Align,சீரமை
Alignment,சீரமைப்பு
Alike,ஒத்த
Alive,உயிருடன்
All,அனைத்தும்
Allegation,குற்றச்சாட்டு
Allege,குற்றம் சாட்டு
Alley,சந்து
Alliance,கூட்டணி
Allocate,ஒதுக்கு
Allocation,ஒதுக்கீடு
Allow,அனுமதி
Allowance,அனுமதி
Ally,நண்பு நாடு
Almost,கிட்டத்தட்ட
Alone,தனியாக
Along,உடன்
Already,ஏற்கனவே
Also,மேலும்
Alter,மாற்று
Alternative,மாற்று வழி
Although,இருந்தாலும்
Altitude,உயரம்
Altogether,மொத்தமாக
Aluminium,அலுமினியம்
Always,எப்போதும்
Amateur,தொடக்கநிலை
Amazing,அற்புதமான
Ambassador,தூதர்
Ambition,லட்சியம்
Ambitious,லட்சியமுள்ள
Ambulance,ஆம்புலன்ஸ்
Amend,திருத்து
Amendment,திருத்தம்
Amenity,வசதி
American,அமெரிக்கர்
Amid,நடுவில்
Amount,அளவு
Ample,ஏராளமான
Amuse,மகிழ்வி
Amusement,பொழுதுபோக்கு
Analysis,பகுப்பாய்வு
Analyst,பகுப்பாய்வாளர்
Analyze,பகுப்பாய்வு செய்
Ancestor,முன்னோர்
Anchor,நங்கூரம்
Ancient,பழமையான
Angel,தேவதை
Anger,கோபம்
Angle,கோணம்
Animal,விலங்கு
Animate,உயிரூட்டு
Animation,அசைவூட்டம்
Ankle,கணுக்கால்
Anniversary,ஆண்டுவிழா
Announce,அறிவி
Announcement,அறிவிப்பு
Annual,வருடாந்திர
Anonymous,பெயரில்லா
Answer,பதில்
Ant,எறும்பு
Antarctica,அண்டார்டிகா
Antenna,ஆண்டெனா
Anthem,கீதம்
Antibiotic,நுண்ணுயிர் எதிர்ப்பு மருந்து
Anticipate,எதிர்பார்
Antique,பழமையான பொருள்
Anxiety,பதட்டம்
Anxious,கவலையுள்ள
Any,ஏதேனும்
Anybody,யாராவது
Anyone,யாரும்
Anything,எதுவும்
Anywhere,எங்கும்
Apart,தனியாக
Apartment,அடுக்குமாடி வீடு
Apology,மன்னிப்பு
Apparatus,கருவி
Apparel,ஆடை
Apparent,வெளிப்படையான
Appeal,மேல்முறையீடு
Appear,தோன்று
Appearance,தோற்றம்
Appendix,பின்னிணைப்பு
Appetite,பசி
Applaud,கைத்தட்டு
Applause,கைத்தட்டு
Apple,ஆப்பிள்
Applicant,விண்ணப்பதாரர்
Application,விண்ணப்பம்
Apply,விண்ணப்பி
Appoint,நியமி
Appointment,சந்திப்பு
Appreciate,பாராட்டு
Appreciation,பாராட்டு
Approach,அணுகுமுறை
Appropriate,பொருத்தமான
Approval,ஒப்புதல்
Approve,அனுமதி
Approximate,தோராயமான
April,ஏப்ரல்
Architect,கட்டிடக் கலைஞர்
Architecture,கட்டிடக்கலை
Archive,காப்பகம்
Area,பகுதி
Arena,அரங்கம்
Argue,வாதிடு
Argument,வாதம்
Arise,எழு
Arm,கை
Army,இராணுவம்
Around,சுற்றிலும்
Arrange,ஒழுங்குபடுத்து
Arrangement,ஏற்பாடு
Arrest,கைது
Arrival,வருகை
Arrive,வந்து சேர்
Arrow,அம்பு
Art,கலை
Article,கட்டுரை
Artificial,செயற்கையான
Artist,கலைஞர்
Artwork,கலைப்பணி
Ascend,மேலேறு
Ash,சாம்பல்
Asia,ஆசியா
Aside,ஒருபுறம்
Ask,கேள்
Asleep,தூங்கும்
Aspect,அம்சம்
Aspire,விரும்பு
Assault,தாக்குதல்
Assemble,ஒன்றுசேர்
Assembly,சட்டமன்றம்
Assert,உறுதியாக கூறு
Assess,மதிப்பிடு
Assessment,மதிப்பீடு
Asset,சொத்து
Assign,ஒதுக்கு
Assignment,ஒப்படைப்பு
Assist,உதவி செய்
Assistance,உதவி
Assistant,உதவியாளர்
Associate,இணை
Association,சங்கம்
Assume,கருது
Assumption,கருதுகோள்
Assure,உறுதியளி
Astonish,ஆச்சரியப்படுத்து
Astronaut,விண்வெளி வீரர்
Astronomy,வானியல்
Athlete,விளையாட்டு வீரர்
Athletic,விளையாட்டு சார்ந்த
Atmosphere,வளிமண்டலம்
Atom,அணு
Attach,இணை
Attachment,இணைப்பு
Attack,தாக்குதல்
Attempt,முயற்சி
Attend,கலந்துகொள்
Attendance,வருகை
Attention,கவனம்
Attitude,மனப்பான்மை
Attorney,வழக்கறிஞர்
Attract,ஈர்த்து
Attraction,ஈர்ப்பு
Attractive,கவர்ச்சியான
Attribute,பண்பு
Auction,ஏலம்
Audience,பார்வையாளர்கள்
Audio,ஒலி
Audit,தணிக்கை
Auditor,தணிக்கையாளர்
Author,ஆசிரியர்
Authority,அதிகாரம்
Authorize,அங்கீகரி
Auto,தானியங்கி
Automatic,தானியங்கி
Automation,தானியக்கம்
Automobile,மோட்டார் வாகனம்
Autonomy,சுயாட்சி
Autumn,இலையுதிர் காலம்
Available,கிடைக்கக்கூடிய
Availability,கிடைக்கும் தன்மை
Average,சராசரி
Avoid,தவிர்
Await,காத்திரு
Awake,விழித்திரு
Award,விருது
Aware,விழிப்புணர்வு உள்ள
Awareness,விழிப்புணர்வு
Away,தொலைவில்
Awesome,அற்புதமான
Awful,மிக மோசமான
Axis,அச்சு
Azure,நீல வான நிறம்
Here is the continuation of the English-to-Tamil dictionary, maintaining the same format:
B,பி
Baby,குழந்தை
Bachelor,இளங்கலை / பிரம்மச்சாரி
Back,முதுகு / பின்னால்
Backbone,முதுகெலும்பு
Background,பின்னணி
Backpack,முதுகுப்பை
Backwards,பின்தோக்கி
Bacon,பன்றி இறைச்சி
Bacteria,பாக்டீரியா
Bad,மோசமான
Badge,அடையாளச் சின்னம்
Badly,மோசமாக
Badminton,பேட்மிண்டன்
Bag,பை
Baggage,பயணப்பொதி
Bail,பிணை
Bait,எரை
Bake,சுடு
Baker,ரொட்டி செய்பவர்
Bakery,ரொட்டி சுடும் இடம்
Balance,சமநிலை
Balanced,சீரான
Balcony,மாடம்
Bald,வழுக்கை
Ball,பந்து
Ballet,பாலே நடனம்
Balloon,பலூன்
Ballot,வாக்குச்சீட்டு
Bamboo,மூங்கில்
Ban,தடை
Banana,வாழைப்பழம்
Band,இசைக்குழு / பட்டை
Bandage,கட்டுப்போடும் துணி
Bang,பலத்த சத்தம்
Bank,வங்கி / கரை
Banker,வங்கியாளர்
Banking,வங்கியியல்
Bankruptcy,வாங்கி திவால்
Banner,பேனர் / கொடி
Banquet,விருந்து
Bar,பார் / தண்டு
Barbarian,காட்டுமிராண்டி
Barber,நாவிதர்
Bare,வெற்று
Barely,அரிதாக
Bargain,பேரம்
Bark,குரை / மரப்பட்டை
Barley,பார்லி
Barn,களஞ்சியம்
Barometer,காற்றழுத்தமானி
Baron,நிலப்பிரபு
Barrel,பீப்பாய்
Barricade,தடுப்பு
Barrier,தடை
Base,அடிப்படை
Baseball,பேஸ்பால்
Basement,தரைத்தளம்
Basic,அடிப்படையான
Basically,அடிப்படையில்
Basin,கிண்ணம் / வடிநிலம்
Basis,அடிப்படை
Basket,கூடை
Basketball,கூடைப்பந்து
Bat,வௌவால் / மட்டை
Batch,தொகுதி
Bath,குளியல்
Breathe,மூச்சு விடு
Bathing,குளித்தல்
Bathroom,குளியலறை
Bathtub,குளியல் தொட்டி
Battery,பேட்டரி
Battle,போர்
Battlefield,போர்க்களம்
Bay,வளைகுடா
Beach,கடற்கரை
Beacon,எச்சரிக்கை ஒளி
Bead,மணி
Beak,பறவையின் அலகு
Beam,கற்றை / விட்டப் பலகை
Bean,அவரைக்காய்
Bear,கரடி / தாங்கு
Beard,தாடி
Bearer,தாங்குபவர்
Beast,மிருகம்
Beat,அடி / துடிப்பு
Beautiful,அழகான
Beauty,அழகு
Beaver,நீர்நாய்
Because,ஏனென்றால்
Become,ஆகு
Bed,படுக்கை
Bedding,படுக்கை விரிப்பு
Bedroom,படுக்கையறை
Bee,தேனீ
Beef,மாட்டு இறைச்சி
Beehive,தேன்கூடு
Beer,பீர்
Beetle,வண்டு
Before,முன்னர்
Beg,பிச்சை கேள் / கெஞ்சு
Beggar,பிச்சைக்காரர்
Begin,தொடங்கு
Beginner,தொடக்கநிலையாளர்
Beginning,தொடக்கத்தில்
Behalf,சார்பாக
Behave,நடந்துகொள்
Behavior,நடத்தை
Behind,பின்னால்
Being,உயிர் / இருப்பு
Belief,நம்பிக்கை
Believe,நம்பு
Bell,மணி
Belly,வயிறு
Belong,சேர்ந்தது
Beloved,அன்பிற்குரிய
Below,கீழே
Belt,வாளி / கச்சை
Bench,பெஞ்ச்
Bend,வளை
Beneath,அடியில்
Beneficial,நன்மை பயக்கும்
Beneficiary,பயனாளி
Benefit,நன்மை
Benevolence,இரக்கம்
Benevolent,கருணையுள்ள
Berry,செர்ரி போன்ற சிறு பழம்
Beside,அருகில்
Besides,தவிர
Best,மிகச்சிறந்த
Bestow,வழங்கு
Bet,பந்தயம்
Betray,துரோகம் செய்
Betrayal,துரோகம்
Better,சிறந்த
Between,இடையில்
Beverage,பானம்
Beware,எச்சரிக்கையாக இரு
Beyond,அப்பால்
Bias,சார்புநிலை
Biased,சார்புடைய
Bible,பைபிள்
Biblical,பைபிள் சார்ந்த
Bicycle,மிதிவண்டி
Bid,ஏலத்தொகை / முயற்சி
Bidder,ஏலம் கேட்பவர்
Big,பெரிய
Bile,பித்தம்
Bilingual,இருமொழி
Bill,கட்டணப் பட்டியல்
Billion,பில்லியன்
Bin,குப்பைத்தொட்டி
Bind,பிணை
Binder,கோப்புப் பிணைப்பான்
Binding,கட்டுப்பாடு
Biographer,வாழ்க்கை வரலாறு எழுதுபவர்
Biography,வாழ்க்கை வரலாறு
Biological,உயிரியல் சார்ந்த
Biology,உயிரியல்
Birch,பிர்ச் மரம்
Bird,பறவை
Birth,பிறப்பு
Birthday,பிறந்தநாள்
Birthplace,பிறந்த இடம்
Biscuit,பிஸ்கட்
Bishop,பிஷப்
Bit,சிறிது
Bite,கடி
Bitter,கசப்பான
Black,கருப்பு
Blackberry,நாவல் பழம்
Blackbird,கரிய பறவை
Blackboard,கரும்பலகை
Blackmail,மிரட்டிப் பணம் பறித்தல்
Blade,கத்தி
Blame,பழி
Blank,வெற்று
Blanket,போர்வை
Blast,வெடிப்பு
Blaze,சுடர்
Bleed,இரத்தம் வடிதல்
Bleeding,இரத்தப்போக்கு
Blend,கலவை
Bless,வாழ்த்து
Blessing,ஆசி
Blind,பார்வையற்ற
Blindness,பார்வையின்மை
Blink,கண் சிமிட்டு
Bliss,பேரின்பம்
Blister,கொப்புளம்
Blizzard,பனிப்புயல்
Block,தடு / தொகுதி
Blockade,முடக்கம்
Blog,வலைப்பதிவு
Blogger,வலைப்பதிவர்
Blonde,பொன்னிற முடி
Blood,இரத்தம்
Bloodstream,இரத்த ஓட்டம்
Bloody,இரத்தவெறி பிடித்த
Bloom,மலர்
Blossom,பூ
Blot,கறை
Blouse,ரவிக்கை
Blow,ஊது / அடி
Blue,நீலம்
Blueberry,ப்ளூபெர்ரி
Blunt,மழுங்கிய
Blur,மங்கலான
Blush,நாணு
Board,பலகை / குழு
Boarding,ஏறுதல்
Boast,தற்பெருமை பேசு
Boat,படகுகள்
Body,உடல்
Bodyguard,மெய்க்காப்பாளர்
Boil,கொதிக்கவை
Boiling,கொதிக்கும்
Bold,துணிச்சலான
Boldness,துணிச்சல்
Bolt,தாழ்ப்பாள்
Bomb,குண்டு
Bomber,குண்டுவீசி
Bombing,குண்டுவீச்சு
Bond,பிணைப்பு
Bondage,அடிமைத்தனம்
Bone,எலும்பு
Bonfire,சொக்கப்பானை
Bonnet,காரின் முன்பகுதி மூடி
Bonus,ஊக்கத்தொகை
Book,புத்தகம்
Bookcase,புத்தக அலமாரி
Bookkeeper,கணக்கு வைப்பவர்
Booking,முன்பதிவு
Booklet,சிறுபுத்தகம்
Bookmark,புத்தகக்குறி
Bookseller,புத்தக விற்பனையாளர்
Bookstore,புத்தகக் கடை
Boom,வளர்ச்சி / சத்தம்
Boost,ஊக்குவி
Booster,ஊக்கி
Boot,பூட்ஸ்
Booth,சாவடி
Border,எல்லை
Bore,சலிப்பூட்டு
Boredom,சலிப்பு
Boring,சலிப்பான
Born,பிறந்த
Borrow,கடன் வாங்கு
Borrower,கடன் வாங்குபவர்
Bosom,மார்பு
Boss,முதலாளி
Botanical,தாவரவியல் சார்ந்த
Botany,தாவரவியல்
Both,இரண்டும்
Bother,தொந்தரவு செய்
Bottle,பாட்டில்
Bottom,அடிப்புறம்
Boulder,பாறை
Bounce,குதி
Bound,கட்டப்பட்ட
Boundary,எல்லை
Bountiful,ஏராளமான
Bouquet,பூச்செண்டு
Bout,போட்டி
Bow,வில் / வணங்கு
Bowels,குடல்
Bowl,கிண்ணம்
Bowling,பந்துவீச்சு
Box,பெட்டி
Boxer,குத்துச்சண்டை வீரர்
Boxing,குத்துச்சண்டை
Boy,சிறுவன்
Boycott,புறக்கணிப்பு
Boyfriend,ஆண் நண்பர்
Boyhood,சிறுவயது
Brace,தாங்கு
Bracelet,காப்பு
Bracket,அடைப்புக்குறி
Brag,தற்பெருமை பேசு
Braid,ஜடை
Brain,மூளை
Brake,பிரேக்
Branch,கிளை
Brand,பிராண்ட்
Brandish,வீசு
Brandy,பிராந்தி
Brass,பித்தளை
Brave,தைரியமான
Bravery,தைரியம்
Breach,மீறல்
Bread,ரொட்டி
Breadth,அகலம்
Break,உடை / இடைவேளை
Breakdown,முறிந்துபோதல்
Breakfast,காலை உணவு
Breakthrough,முன்னேற்றம்
Breakup,பிரிவு
Breast,மார்பகம்
Breath,மூச்சு
Breathe,மூச்சுவிடு
Breathing,சுவாசம்
Breeze,தென்றல்
Brevity,சுருக்கம்
Brew,காய்ச்சு
Brewery,மதுபான ஆலை
Bribe,லஞ்சம்
Bribery,லஞ்ச ஒழிப்பு
Brick,செங்கல்
Bride,மணப்பெண்
Bridegroom,மணமகன்
Bridge,பாலம்
Bridle,கடிவாளம்
Brief,சுருக்கமான
Briefcase,கைப்பெட்டி
Briefly,சுருக்கமாக
Brigade,படைப்பிரிவு
Bright,பிரகாசமான
Brighten,பிரகாசமாக்கு
Brightness,பிரகாசம்
Brilliant,அற்புதமான
Brim,விளிம்பு
Bring,கொண்டுவா
Brisk,சுறுசுறுப்பான
Bristle,மயிர் சிலிர்ப்பு
Brittle,எளிதில் உடையும்
Broad,அகலமான
Broadcast,ஒளிபரப்பு
Broadcasting,ஒளிபரப்பு
Broaden,அகலப்படுத்து
Broadly,பரவலாக
Brochure,விளம்பரக் கையேடு
Broil,சுடு
Broken,உடைந்த
Broker,தரகர்
Brokerage,தரகு
Bronze,வெண்கலம்
Brooch,மார்சிப்பாய்
Brood,சிந்தனைசெய்
Brook,சிற்றாறு
Broom,படைப்பின்னல் / துடைப்பம்
Brothel,விபச்சார விடுதி
Brother,சகோதரன்
Brotherhood,சகோதரத்துவம்
Brow,நெற்றி
Brown,பழுப்பு
Browse,உலாவு
Browser,உலாவி
Bruise,காயம்
Brutal,கொடூரமான
Brutality,கொடுமை
Brute,மிருகம்
Bubble,குமிழி
Bucket,வாளி
Buckle,கொக்கி
Bud,மொட்டு
Buddha,புத்தர்
Buddhism,பௌத்தம்
Budget,பட்ஜெட்
Buffet,சுயசேவை விருந்து
Bug,பூச்சி / பிழை
Bugle,எக்காளம்
Build,கட்டு
Builder,கட்டுமானப்பணியாளர்
Building,கட்டிடம்
Build-up,வளர்ச்சி
Bulb,பல்பு / கிழங்கு
Bulk,மொத்த
Bulky,பருமனான
Bull,காளை
Bullet,தோட்டா
Bulletin,செய்திக்குறிப்பு
Bulletproof,தோட்டா துளைக்காத
Bully,மிரட்டுபவர்
Bullying,மிரட்டல்
Bumblebee,தேனீ
Bump,முட்டு / மேடு
Bumper,தடுப்பு
Bunch,கொத்து
Bundle,மூட்டை
Bungalow,பங்களா
Bunny,முயல்
Burden,சுமை
Bureau,பணிமனை / செயலகம்
Bureaucracy,அதிகார வர்க்கம்
Bureaucrat,அதிகாரி
Burglar,திருடன்
Burglary,களவு
Burial,அடக்கம்
Burn,எரி
Burner,எரிப்பான்
Burning,எரியும்
Burrow,வளை
Burst,வெடி
Bury,புதை
Bus,பேருந்து
Bush,புதர்
Business,வணிகம்
Businessman,தொழிலதிபர்
Businesswoman,பெண் தொழிலதிபர்
Bust,மார்பளவு சிலை / தகர்ப்பு
Bustle,பரபரப்பு
Busy,பரபரப்பான
But,ஆனால்
Butcher,கசாப்புக் கடைக்காரர்
Butler,வேலைக்காரர் தலைவர்
Butter,வெண்ணெய்
Butterfly,படாம்பூச்சி
Button,பொத்தான்
Buy,வாங்கு
Buyer,வாங்குபவர்
Buzz,ரீங்காரம்
By,மூலம் / ஆல்
Bypass,மாற்றுப்பாதை
Bystander,பார்வையாளர்
Byte,பைட்
Here is the continuation of the dictionary for the letter **C**:
Cabin, அறை / குடில்
Cabinet, அமைச்சரவை / அலமாரி
Cable, கேபிள் / கம்பி வடமுனை
Cactus, கள்ளச்செடி
Cage, கூண்டு
Cake, கேக் / இனிப்புப் பண்டம்
Calculate, கணக்கிடு
Calculation, கணக்கீடு
Calculator, கணக்கிடும் கருவி
Calendar, நாட்காட்டி
Calf, கன்றுக்குட்டி / கெண்டைக்கால்
Caliber, தகுதி / திறன்
Call, அழை
Calligraphy, கையெழுத்துக் கலை
Calm, அமைதியான
Calmly, அமைதியாக
Calorie, கலோரி
Camel, ஒட்டகம்
Camera, கேமரா / நிழற்படக் கருவி
Camp, முகாம்
Campaign, பிரச்சாரம்
Campfire, முகாமிடும் தீ
Campus, வளாகம்
Can, முடியும் / தகர டப்பா
Canal, கால்வாய்
Cancel, ரத்து செய்
Cancellation, ரத்து
Cancer, புற்றுநோய்
Candidate, வேட்பாளர் / விண்ணப்பதாரர்
Candle, மெழுகுவர்த்தி
Candy, மிட்டாய்
Cane, பிரம்பு / கரும்பு
Canine, நாய் சார்ந்த / கோரைப்பல்
Canopy, மேல்கவிப்பு / விதானம்
Canvas, துணி ஓவியத்தாள் / கேன்வாஸ்
Canyon, பள்ளத்தாக்கு
Cap, தொப்பி
Capability, ஆற்றல் / திறன்
Capable, திறமையுள்ள
Capacity, கொள்ளளவு / திறன்
Cape, முனைகடல் பகுதி / மேலங்கி
Capital, மூலதனம் / தலைநகரம்
Capitalism, முதலாளித்துவம்
Capitalist, முதலாளி
Capsule, மாத்திரை உறை / விண்கலக் கூடு
Captain, கேப்டன் / படைத்தளபதி / மாலுமி
Caption, தலைப்பு / விளக்கவுரை
Captive, சிறைப்பிடிக்கப்பட்டவர்
Captivity, சிறைவாசம்
Capture, கைப்பற்று / பிடி
Car, கார் / மகிழுந்து
Caravan, நாடோடிக் குழு / நடமாடும் வீடு
Carbon, கார்பன் / கரிமம்
Card, அட்டை
Cardboard, அட்டைப் பெட்டிப் பொருள்
Cardiac, இதயம் சார்ந்த
Cardigan, கம்பளிச் சட்டை
Care, கவனிப்பு / அக்கறை
Career, தொழில் / வாழ்க்கைப்பாதை
Careful, கவனமாக
Carefully, கவனத்துடன்
Careless, கவனமற்ற
Caress, அரவணை / தழுவு
Cargo, சரக்கு
Carnival, திருவிழா / கொண்டாட்டம்
Carpet, விரிப்பு / கார்பெட்
Carriage, வண்டி / சரக்குக் கட்டணம்
Carrier, சுமப்பவர் / கடத்தி
Carrot, கேரட்
Carry, சுமந்து செல்
Cart, வண்டி / தள்ளுவண்டி
Carton, அட்டைப்பெட்டி
Cartoon, கேலிச்சித்திரம் / கார்ட்டூன்
Carve, செதுக்கு
Carving, செதுக்கல்
Cascade, அருவி / வரிசை நிகழ்வு
Case, வழக்கு / நிலை / பெட்டி
Cash, ரொக்கம்
Cashier, காசாளர்
Casino, சூதாட்டக் கூடம்
Casket, பேழை / சவப்பெட்டி
Castle, கோட்டை
Casual, சாதாரண / தற்காலிக
Casualty, விபத்து பலி / சேதம்
Cat, பூனை
Catalog, பட்டியல்
Catastrophe, பெரும் பேரழிவு
Catch, பிடி
Categorize, வகைப்படுத்து
Category, வகை
Cater, உணவு வழங்கு / பூர்த்தி செய்
Catering, உணவு உபசரிப்பு
Caterpillar, கம்பளிப்பூச்சி
Cathedral, பெரிய தேவாலயம்
Cattle, கால்நடைகள்
Caucus, ஆலோசனைக் குழு
Cauliflower, காலிஃபிளவர்
Cause, காரணம்
Caution, எச்சரிக்கை
Cautious, கவனமாக இருக்கும்
Cavalry, குதிரைப்படை
Cave, குகை
Cavern, பெரிய குகை
Cease, நிறுத்து / முடிவுக்கு வா
Ceasefire, போர்நிறுத்தம்
Ceiling, மேற்கூரை
Celebrate, கொண்டாடு
Celebration, கொண்டாட்டம்
Celebration, விழா
Celebrity, பிரபலம்
Celery, செலரி கீரை
Celestial, விண்வெளி சார்ந்த
Cell, செல் / சிறை அறை
Cellar, நிலத்தடி அறை
Cellular, செல் சார்ந்த
Cello, பெரிய வயலின்
Cement, சிமெண்ட்
Cemetery, மயானம்
Censor, தணிக்கை செய்
Censorship, தணிக்கை
Census, மக்கள் தொகை கணக்கெடுப்பு
Cent, சென்ட் / நாணயம்
Center, மையம்
Central, மத்திய
Centralize, மையப்படுத்து
Centuries, நூற்றாண்டுகள்
Century, நூற்றாண்டு
Cereal, தானியம்
Ceremonial, சடங்கு சார்ந்த
Ceremony, சடங்கு / விழா
Certain, निश्चितமான / சில
Certainly, நிச்சயமாக
Certainty, நிச்சயம்
Certificate, சான்றிதழ்
Certification, சான்றளிப்பு
Certify, சான்றளி
Chain, சங்கிலி
Chair, நாற்காலி
Chairman, தலைவர்
Chairperson, தலைவர்
Chalk, சாக்பீஸ் / சுண்ணக்கட்டி
Challenge, சவால்
Challenger, சவாலாளி
Chamber, அறை / மன்றம்
Champagne, ஷாம்பெயின் மது
Champion, வெற்றியாளர் / சாம்பியன்
Championship, சாம்பியன்ஷிப் / தொடர்
Chance, வாய்ப்பு
Chancellor, அதிபர்
Change, மாற்றம் / மாற்று
Channel, சேனல் / தடம் / துறைமுகம்
Chaos, குழப்பம்
Chaotic, குழப்பமான
Chapel, சிறிய தேவாலயம்
Chaperone, பாதுகாவலர்
Chaplain, மதகுரு
Chapter, அத்தியாயம்
Character, கதாபாத்திரம் / குணம்
Characteristic, பண்புக்கூறு
Characterize, சித்தரி / விவரி
Charcoal, மரக்கரி
Charge, கட்டணம் / குற்றச்சாட்டு / மின்மேற்றம்
Charity, தொண்டு / அறக்கட்டளை
Charm, கவர்ச்சி / தாயத்து
Charming, வசீகரமான
Chart, வரைபடம் / அட்டவணை
Charter, சாசனம் / ஒப்பந்தம்
Chase, துரத்து
Chasm, பிளவு / ஆழமான இடைவெளி
Chassis, சட்டகம் (வாகனத்தின்)
Chastity, கற்பு / தூய்மை
Chat, அரட்டை
Chatter, படபடவெனப் பேசு
Cheap, மலிவான
Cheat, ஏமாற்று
Check, சரிபார் / காசோலை
Check-in, செக்-இன் / நுழைவுப் பதிவு
Checklist, சரிபார்ப்புப் பட்டியல்
Checkpoint, சோதனைச் சாவடி
Cheek, கன்னம்
Cheer, உற்சாகப்படுத்து
Cheerful, மகிழ்ச்சியான
Cheerleader, உற்சாகப்படுத்தும் குழுவினர்
Cheese, பாலாடைக்கட்டி
Chef, சமையல்கலைஞர்
Chemical, ரசாயனம்
Chemist, வேதியியலாளர் / மருந்துக்கடைக்காரர்
Chemistry, வேதியியல்
Cheque, காசோலை
Cherish, நேசி / போற்று
Cherry, செர்ரி பழம்
Chess, சதுரங்கம்
Chest, மார்பு / பெட்டி
Chestnut, செஸ்நட் கொட்டை
Chew, மெல்லு
Chick, கோழிக்குஞ்சு
Chicken, கோழி
Chief, முதன்மை / தலைவர்
Chiefly, முக்கியமாக
Child, குழந்தை
Childhood, குழந்தைப்பருவம்
Childish, குழந்தைத்தனமான
Children, குழந்தைகள்
Chili, மிளகாய்
Chill, குளிர்
Chilly, குளிரான
Chime, மணி ஒலி
Chimney, புகைபோக்கி
Chin, தாடை
China, சீனா / சீனா களிமண் பாத்திரம்
Chip, சில்லு / துண்டு
Chirrup, பறவை கீச்சிடுதல்
Chivalry, வீரத்தன்மை
Chocolate, சாக்லேட்
Choice, தேர்வு / விருப்பம்
Choir, இசைக்குழு
Choke, மூச்சுத்திணறு
Cholesterol, கொழுப்பு
Choose, தேர்ந்தெடு
Chop, நறுக்கு
Chore, வீட்டு வேலை
Chorus, கூட்டுப் பாடல்
Chosen, தேர்ந்தெடுக்கப்பட்ட
Chronic, நாள்பட்ட
Chronicle, வரலாற்றுப் பதிவு
Chronological, காலவரிசைப்படியான
Chrysanthemum, சாமந்திப் பூ
Chubby, கொழுகொழுவென இருக்கும்
Chuck, தூக்கிப்போடு
Chuckle, மெதுவாகச் சிரி
Chung, மரக்கட்டை
Church, தேவாலயம்
Cider, ஆப்பிள் மது
Cigar, சுருட்டு
Cigarette, சிகரெட்
Cinder, தணல்
Cinema, சினிமா / திரைப்படம்
Cinnamon, இலவங்கப்பட்டை
Cipher, இரகசிய குறியீடு
Circle, வட்டம்
Circuit, மின்சுற்று / சுற்றுப்பாதை
Circular, வட்டவடிவ / சுற்றறிக்கை
Circulate, புழக்கத்தில் விடு / பரப்பு
Circulation, சுழற்சி
Circumstance, சூழ்நிலை
Circus, சர்க்கஸ்
Cite, மேற்கோள் காட்டு
Citizen, குடிமகன்
Citizenship, குடியுரிமை
City, நகரம்
Civic, நகர / குடிமை சார்ந்த
Civil, சிவில் / குடிமை
Civilian, பொதுமக்கள்
Civilization, நாகரிகம்
Civilize, நாகரிகப்படுத்து
Claim, உரிமை கோரு
Clairvoyant, தொலைநோக்குடையவர்
Clamor, கூச்சல்
Clamp, பிடிப்புக்கருவி
Clan, குலம் / இனம்
Clap, கைத்தட்டு
Clarify, தெளிவுபடுத்து
Clarity, தெளிவு
Clash, மோதல்
Clasp, பிடி / கொக்கி
Class, வகுப்பு / பிரிவு
Classic, பாரம்பரியமான / புகழ்பெற்ற
Classical, செம்மொழி சார்ந்த / கிளாசிக்கல்
Classification, வகைப்பாடு
Classify, வகைப்படுத்து
Classmate, வகுப்புத் தோழன்
Classroom, வகுப்பறை
Clause, சரத்து / சொற்றொடர்
Claw, நகம் / தண்டு
Clay, களிமண்
Clean, சுத்தமான / சுத்தம் செய்
Cleaner, துப்புரவாளர்
Cleaning, சுத்தம் செய்தல்
Cleanliness, சுகாதாரம் / சுத்தம்
Clear, தெளிவான
Clearance, அனுமதி / சுத்தம் செய்தல்
Clearly, தெளிவாக
Cleave, பிள / வெட்டு
Clement, கருணையுள்ள / மிதமான
Clergy, மதகுருமார்கள்
Clergyman, மதகுரு
Clerical, எழுத்தர் சார்ந்த
Clerk, எழுத்தர்
Clever, கெட்டிக்கார
Click, கிளிக் செய் / சொடுக்கு
Client, வாடிக்கையாளர்
Cliff, செங்குத்தான பாறை
Climate, தட்பவெப்பநிலை
Climatic, தட்பவெப்ப சார்ந்த
Climax, உச்சக்கட்டம்
Climb, ஏறு
Climber, மலையேறுபவர்
Clinch, உறுதிசெய் / பிடி
Clinic, கிளினிக் / மருத்துவமனை
Clinical, கிளினிக்கல் / மருத்துவ ரீதியான
Clip, கிளிப் / வெட்டு
Cloak, மேலங்கி
Clock, கடிகாரம்
Clockwise, கடிகாரச்சுற்று திசையில்
Clog, அடைப்பு
Clone, க்ளோன் / நகல்
Close, மூடு / நெருங்கிய
Closed, மூடப்பட்ட
Closely, நெருக்கமாக
Closet, அலமாரி
Closing, முடிவு / மூடுதல்
Closure, முடிவு / மூடல்
Cloth, துணி
Clothe, ஆடை அணிவி
Clothes, ஆடைகள்
Clothing, உடை
Cloud, மேகம்
Cloudy, மேகமூட்டமான
Clove, கிராம்பு
Clown, கோமாளி
Club, மன்றம் / தடி
Clue, துப்பு / குறிப்பு
Clumsy, திறமையற்ற / தاشیவான
Cluster, கொத்து / கூட்டம்
Clutch, பிடி / கிளட்ச்
Coach, பயிற்றுவிப்பாளர் / பேருந்து
Coaching, பயிற்சி
Coal, நிலக்கரி
Coalition, கூட்டணி
Coarse, கரடுமுரடான
Coast, கடற்கரை
Coastal, கடலோர
Coat, கோட் / மேலங்கி
Coating, பூச்சு
Cobbler, செருப்பு தைப்பவர்
Cobra, நல்லபாம்பு
Cobweb, சிலந்தி வலை
Cocaine, கொக்கைன் போதைப்பொருள்
Cock, சேவல்
Cockpit, விமானி அறை
Cockroach, கரப்பான் பூச்சி
Cocktail, கலப்பு பானம்
Cocoa, கோகோ
Coconut, தேங்காய்
Cocoon, கூ his / கூட்டுப்புழு கூடு
Code, குறியீடு / சட்டம்
Codify, முறைப்படுத்து
Coerce, வற்புறுத்து
Coercion, கட்டாயப்படுத்துதல்
Coffee, காபி
Coffer, கருவூலம் / பெட்டி
Coffin, சவப்பெட்டி
Cognitive, அறிவாற்றல் சார்ந்த
Coherent, coherent / தெளிவான
Cohesion, பிணைப்பு
Coil, சுருள்
Coin, நாணயம்
Coinage, நாணய முறை
Coincide, ஒத்துப்போ
Coincidence, தற்செயல் நிகழ்வு
Cold, குளிர் / சளி
Coldness, குளிர்ச்சி
Collaborate, இணைந்து செயல்படு
Collaboration, ஒத்துழைப்பு
Collaborative, கூட்டுச் செயல்பாடு சார்ந்த
Collapse, சரிவு / நொறுங்கு
Collar, காலர் / கழுத்துப்பட்டை
Colleague, சக ஊழியர்
Collect, சேகரி
Collection, சேகரிப்பு
Collective, கூட்டு
Collector, ஆட்சியர் / சேகரிப்பாளர்
College, கல்லூரி
Collision, மோதல்
Colloquial, பேச்சுவழக்கு சார்ந்த
Colon, பெருங்குடல் / முக்கற்புள்ளி
Colonel, கர்னல் (இராணுவப் பதவி)
Colonial, காலனித்துவ
Colony, காலனி / குடியிருப்பு
Color, வண்ணம் / நிறம்
Colorful, வண்ணமயமான
Colossal, பிரம்மாண்டமான
Colt, குதிரைக்குட்டி
Column, தூண் / பத்தி
Columnist, பத்தியாளர்
Coma, கோமா / சுயநினைவின்மை
Comb, சீப்பு
Combat, போர் / சண்டை
Combination, சேர்க்கை
Combine, இணை
Combined, இணைக்கப்பட்ட
Combustion, எரிதல்
Come, வா
Comedian, நகைச்சுவை நடிகர்
Comedy, நகைச்சுவை
Comet, வால்நட்சத்திரம்
Comfort, ஆறுதல் / வசதி
Comfortable, வசதியான
Comfortably, வசதியாக
Comic, நகைச்சுவையான
Comical, வேடிக்கையான
Coming, வருகை
Comma, காற்புள்ளி
Command, கட்டளை
Commander, தளபதி
Commandment, கட்டளை
Commemorate, நினைவுகூரு
Commence, தொடங்கு
Commend, பாராட்டு
Comment, கருத்து
Commentary, வர்ணனை
Commentator, வர்ணனையாளர்
Commerce, வணிகம்
Commercial, வணிக ரீதியான
Commit, வாக்குறுதி அளி / குற்றம் செய்
Commitment, அர்ப்பணிப்பு / வாக்குறுதி
Committed, அர்ப்பணிப்புள்ள
Committee, குழு
Commodity, பொருள் / பண்டம்
Common, பொதுவான
Commonly, பொதுவாக
Commonplace, சாதாரண
Commonwealth, காமன்வெல்த்
Commotion, சலசலப்பு
Communal, சமூக சார்ந்த
Communicate, தொடர்பு கொள்
Communication, தகவல் தொடர்பு
Communion, ஒன்றிணைப்பு / நற்கருணை
Communism, கம்யூனிசம்
Communist, கம்யூனிஸ்ட்
Community, சமூகம்
Commute, பயணம் செய் (வேலைக்கு)
Commuter, பயணியர்
Compact, சிறிய / அடர்த்தியான
Companion, தோழன்
Companionship, தோழமை
Company, நிறுவனம் / தோழமை
Comparable, ஒப்பிடக்கூடிய
Comparative, ஒப்பீட்டு
Compare, ஒப்பிடு
Comparison, ஒப்பீடு
Compartment, அறை / பெட்டி
Compass, திசைகாட்டி
Compassion, இரக்கம்
Compassionate, கருணையுள்ள
Compatibility, இணக்கம்
Compatible, இணக்கமான
Compel, வற்புறுத்து
Compelling, ஈர்க்கக்கூடிய / வலுவான
Compensate, இழப்பீடு வழங்கு
Compensation, இழப்பீடு
Compete, போட்டியிடு
Competence, தகுதி / திறன்
Competent, திறமையான
Competition, போட்டி
Competitive, போட்டித்தன்மை கொண்ட
Competitor, போட்டியாளர்
Compilation, தொகுப்பு
Compile, தொகு
Complacent, சுயதிருப்தி கொண்ட
Complain, புகார் செய்
Complaint, புகார்
Complement, நிரப்பு
Complementary, நிரப்பியாக அமைந்த
Complete, முழுமையான / முடி
Completely, முற்றிலும்
Completion, நிறைவு
Complex, சிக்கலான
Complexity, சிக்கல்
Compliance, இணக்கம்
Complicate, சிக்கலாக்கு
Complicated, சிக்கலான
Complication, சிக்கல்
Complicity, உடந்தை
Compliment, பாராட்டு
Comply, கீழ்ப்படி / இணங்கு
Component, கூறு / பகுதி
Compose, உருவாக்கு / இசையமை
Composer, இசையமைப்பாளர்
Composite, கலவை
Composition, அமைப்பு / கட்டுரை / இசை
Compost, உரம்
Composure, மன அமைதி
Compound, கூட்டுப்பொருள் / வளாகம்
Comprehend, புரிந்துகொள்
Comprehension, புரிதல்
Comprehensive, விரிவான
Compress, அமுக்கு
Compression, அமுக்கம்
Comprise, உள்ளடக்கியது
Compromise, சமரசம்
Compulsion, கட்டாயம்
Compulsory, கட்டாயமான
Compute, கணக்கிடு
Computer, கணினி
Computing, கணினியியல்
Comrade, தோழர்
Conceal, மறை
Concede, ஒப்புக்கொள்
Conceit, அகந்தை
Conceive, கற்பனை செய் / கருவுறு
Concentrate, கவனம் செலுத்து
Concentration, கவனம்
Concept, கருத்துரு
Conception, கருத்து / கருத்தரித்தல்
Concern, கவலை / தொடர்பு
Concerned, கவலையடைந்த
Concerning, பற்றிய
Concert, இசை நிகழ்ச்சி
Concession, சலுகை
Concise, சுருக்கமான
Conclude, முடிவுக்கு வா
Conclusion, முடிவு
Conclusive, தீர்க்கமான
Concrete, சிமெண்ட் தளம் / உறுதியான
Concur, உடன்படு
Concurrent, ஒரே நேரத்தில் நிகழும்
Concussion, அதிர்ச்சி
Condemn, கண்டி
Condemnation, கண்டனம்
Condensed, சுருக்கப்பட்ட
Condition, நிபந்தனை / நிலை
Conditional, நிபந்தனைக்குட்பட்ட
Conditioner, கண்டிஷனர்
Condolence, இரங்கல்
Condone, மன்னித்து விடு
Conduct, நடத்து / நடத்தை
Conductor, நடத்துனர்
Cone, கூம்பு
Confederation, கூட்டமைப்பு
Confer, வழங்கு / ஆலோசி
Conference, மாநாடு
Confess, ஒப்புக்கொள் (குற்றத்தை)
Confession, வாக்குமூலம்
Confetti, காகிதத் தூவல்கள்
Confidant, நம்பிக்கைக்குரிய தோழன்
Confidence, நம்பிக்கை
Confident, நம்பிக்கையுள்ள
Confidential, இரகசியமான
Configuration, கட்டமைப்பு
Confine, கட்டுப்படுத்து / சிறைவை
Confinement, சிறைவைப்பு
Confirm, உறுதிப்படுத்து
Confirmation, உறுதிப்படுத்தல்
Confiscate, பறிமுதல் செய்
Conflict, மோதல்
Conform, இணங்கி நட
Conformity, இணக்கம்
Confound, குழப்பமடையச் செய்
Confront, எதிர் கொள்
Confrontation, மோதல்
Confuse, குழப்பு
Confusion, குழப்பம்
Congenial, இணக்கமான
Congestion, நெரிசல்
Congratulate, வாழ்த்து
Congratulation, வாழ்த்து
Congregation, சபை / கூட்டம்
Congress, காங்கிரஸ் / மாநாடு
Congressional, காங்கிரஸ் சார்ந்த
Conical, கூம்பு வடிவ
Conjecture, யூகிக்கப்பட்ட கருத்து
Conjunction, இணைப்புச் சொல்
Connect, இணை
Connection, இணைப்பு
Connectivity, இணைப்புத்தன்மை
Connive, உடந்தையாக இரு
Conquer, வெல்
Conqueror, வெற்றியாளன்
Conquest, வெற்றி
Conscience, மனசாட்சி
Conscientious, நேர்மையான
Conscious, நினைவோடு இருக்கும்
Consciousness, விழிப்புணர்வு / நினைவு
Consecutive, தொடர்ச்சியான
Consensus, பொதுக்கருத்து
Consent, சம்மதம்
Consequence, பின்விளைவு
Consequently, அதன் விளைவாக
Conservation, பாதுகாப்பு
Conservative, பழமைவாத
Conserve, பாதுகாப்பது
Consider, பரிசீலி
Considerable, கணிசமான
Considerably, கணிசமாக
Consideration, பரிசீலனை
Consist, கொண்டுள்ளது
Consistency, சீரமைப்பு / நிலைத்தன்மை
Consistent, சீரான
Consistently, தொடர்ச்சியாக
Console, ஆறுதல் கூறு / கட்டுப்பாட்டுப் பலகை
Consolidate, ஒருங்கிணை
Consolidation, ஒருங்கிணைப்பு
Consonant, மெய்யெழுத்து
Consortium, கூட்டமைப்பு
Conspicuous, வெளிப்படையான
Conspiracy, சதி
Conspirator, சதியாளன்
Conspire, சதி செய்
Constant, நிலையான
Constantly, எப்போதும்
Constellation, நட்சத்திரக் கூட்டம்
Consternation, திகில் / பேரதிர்ச்சி
Constipation, மலச்சிக்கல்
Constituent, தொகுதிவாசி / கூறு
Constitute, உருவாக்குகிறது
Constitution, அரசியலமைப்பு
Constitutional, அரசியலமைப்பு சார்ந்த
Constraint, கட்டுப்பாடு
Construct, கட்டு
Construction, கட்டுமானம்
Constructive, ஆக்கப்பூர்வமான
Consult, ஆலோசி
Consultant, ஆலோசகர்
Consultation, ஆலோசனை
Consume, நுகர் / சாப்பிடு
Consumer, நுகர்வோர்
Consumption, நுகர்வு
Contact, தொடர்பு
Contagious, தொற்றும்
Contain, உள்ளடக்கியது
Container, கொள்கலன்
Contaminate, மாசடையச் செய்
Contamination, மாசுபாடு
Contemplate, ஆழமாகச் சிந்தி
Contemporary, சமகால
Contempt, அவமதிப்பு
Contend, போட்டியிடு / வாதிடு
Content, உள்ளடக்கம் / திருப்தியான
Contented, திருப்தியடைந்த
Contention, விவாதம் / மோதல்
Contentment, மனநிறைவு
Contest, போட்டி
Contestant, போட்டியாளர்
Context, சூழல்
Continent, கண்டம்
Continental, கண்டம் சார்ந்த
Contingency, அவசரகால நிலை
Continual, தொடர்ச்சியான
Continue, தொடர்
Continued, தொடர்ந்த
Continuity, தொடர்ச்சி
Continuous, இடைவிடாத
Continuously, இடைவிடாமல்
Contort, கோணலாக்கு
Contour, எல்லைக்கோடு
Contract, ஒப்பந்தம்
Contractor, ஒப்பந்ததாரர்
Contradict, முரண்படு
Contradiction, முரண்பாடு
Contradictory, முரண்பாடான
Contrary, மாறாக
Contrast, வேறுபாடு
Contribute, பங்களிப்பு செய்
Contribution, பங்களிப்பு
Contributor, பங்களிப்பாளர்
Contrive, திட்டம் தீட்டு
Control, கட்டுப்பாடு
Controller, கட்டுப்பாட்டாளர்
Controversial, சர்ச்சைக்கிரிய
Controversy, சர்ச்சை
Convene, கூட்டு (கூட்டம்)
Convenience, வசதி
Convenient, வசதியான
Convent, கன்னியாஸ்திரிகள் மடம்
Convention, மாநாடு / மரபு
Conventional, வழக்கமான
Converge, ஒன்றுகூடு
Conversation, உரையாடல்
Conversely, மாறாக
Conversion, மாற்றம்
Convert, மாற்று
Converter, மாற்றி
Convey, தெரிவி / கொண்டு செல்
Conveyance, போக்குவரத்து
Convict, குற்றவாளி
Conviction, நம்பிக்கை / தண்டனை
Convince, சமாதானப்படுத்து / நம்பவை
Convincing, நம்பத்தகுந்த
Convoy, பாதுகாப்புப் படைக்கலன்
Cook, சமை / சமையல்காரர்
Cookbook, சமையல் புத்தகம்
Cooker, குக்கர்
Cookie, பிஸ்கட் / குக்கி
Cooking, சமையல்
Cool, குளிர்ந்த / அமைதியான
Cooler, குளிரூட்டி
Coolness, குளிர்ச்சி
Cooperate, ஒத்துழை
Cooperation, ஒத்துழைப்பு
Cooperative, கூட்டுறவு
Coordinate, ஒருங்கிணை
Coordination, ஒருங்கிணைப்பு
Coordinator, ஒருங்கிணைப்பாளர்
Cope, சமாளி
Copier, நகல் எடுக்கும் கருவி
Copious, ஏராளமான
Copper, செம்பு
Copy, நகல்
Copyright, பதிப்புரிமை
Coral, பவளம்
Cord, கயிறு
Cordial, அன்பான
Core, மையம் / முக்கியப் பகுதி
Coriander, கொத்தமல்லி
Cork, கார்க் / அடைப்பான்
Corn, சோளம்
Corner, மூலை
Coronary, இதயம் சார்ந்த
Coronation, முடிசூட்டு விழா
Corporal, உடலார்ந்த
Corporate, பெருநிறுவனம் சார்ந்த
Corporation, மாநகராட்சி / நிறுவனம்
Corps, படைப்பிரிவு
Corpse, பிணம்
Correct, சரியான
Correction, திருத்தம்
Correctly, சரியாக
Correlation, தொடர்பு
Correspond, ஒத்துப்போ / தொடர்புகொள்
Correspondence, கடிதப் போக்குவரத்து
Respondent, நிருபர்
Corridor, நடைபாதை
Corroborate, உறுதிப்படுத்து
Corrode, அரித்தல்
Corrosion, அரிப்பு
Corrupt, ஊழல் நிறைந்த
Corruption, ஊழல்
Cosmetic, அழகு சாதனம்
Cosmic, பிரபஞ்ச
Cosmopolitan, உலகளாவிய
Cosmos, பிரபஞ்சம்
Cost, செலவு / விலை
Costly, விலைமதிப்பற்ற / விலையுயர்ந்த
Costume, ஆடை
Cottage, குடில்
Cotton, பருத்தி
Couch, சோபா
Cough, இருமல்
Could, முடிந்தது
Council, மன்றம்
Councilor, மன்ற உறுப்பினர்
Counsel, ஆலோசனை
Counselor, ஆலோசகர்
Count, எண்ணு
Countable, எண்ணக்கூடிய
Counter, கவுண்டர் / எதிர்
Counteract, எதிர்த்துச் செயல்படு
Counterfeit, போலி
Counterpart, இணை அதிகாரி
Countless, எண்ணற்ற
Country, நாடு
Countryside, கிராமப்புறம்
County, மாவட்டம்
Coup, ஆட்சி கவிழ்ப்பு
Couple, தம்பதி / ஜோடி
Coupon, கூப்பன்
Courage, தைரியம்
Courageous, தைரியமான
Courier, தூதஞ்சல்
Course, පාடநெறி / பாதை
Court, நீதிமன்றம் / ஆடுகளம்
Courteous, மரியாதையுள்ள
Courtesy, மரியாதை
Courtyard, முற்றம்
Cousin, ஒன்றுவிட்ட சகோதரன்/சகோதரி
Cove, சிறிய வளைகுடா
Covenant, உடன்படிக்கை
Cover, மூடு / உறை
Coverage, تغطية / செய்தி பரப்பு
Covert, ரகசியமான
Covet, ஆசைப்படு
Cow, பசு
Coward, கோழை
Cowardice, கோழைத்தனம்
Cowboy, மேய்ப்பன்
Cozy, கதகதப்பான / வசதியான
Crab, நண்டு
Crack, பிளவு / வெடிப்பு
Cradle, தொட்டில்
Craft, கைவினை / கலை
Craftsman, கைவினைஞர்
Crafty, தந்திரமான
Cram, திணி
Crammed, நெரிசலான
Cramp, தசைப்பிடிப்பு
Crane, கொக்கு / கிரேன்
Crash, விபத்து / நொறுங்கு
Crater, பள்ளம்
Crave, ஏங்கு
Crawl, தவழ்
Crayon, வண்ணக் பென்சில்
Crazy, பைத்தியக்காரத்தனமான
Creak, கீச் ஒலி
Cream, க்ரீம் / பாலேடு
Creamy, க்ரீம் போன்ற
Create, உருவாக்கு
Creation, உருவாக்கம்
Creative, படைப்பாற்றல் உள்ள
Creativity, படைப்பாற்றல்
Creator, படைப்பாளி
Creature, ജീவி / உயிரினம்
Credibility, நம்பகத்தன்மை
Credible, நம்பத்தகுந்த
Credit, கடன் / மதிப்பு
Creditor, கடன் அளித்தவர்
Creed, நம்பிக்கை / மதம்
Creek, சிற்றாறு
Creep, ஊர்ந்து செல்
Cremate, தகனம் செய்
Cremation, மயானத் தகனம்
Crescendo, உச்ச ஒலி
Crescent, பிறை
Crest, உச்சி
Crew, குழு / ஊழியர்கள்
Cricket, கிரிக்கெட் / சில்வண்டு
Crime, குற்றம்
Criminal, குற்றவாளி
Crimson, கருஞ்சிவப்பு
Cripple, முடமாக்கு
Crisis, நெருக்கடி
Crisp, மொறுமொறுப்பான
Criteria, அளவுகோல்கள்
Criterion, அளவுகோல்
Critic, விமர்சகர்
Critical, முக்கியமான / விமர்சன
Criticism, விமர்சனம்
Criticize, விமர்சி
Critique, விமர்சனக் கட்டுரை
Crocodile, முதலை
Crook, ஏமாற்றுக்காரன் / வளைவு
Crooked, கோணலான
Crop, பயிர்
Cross, குறுக்கே கட / சிலுவை
Crossing, கடக்கும் இடம்
Crossroad, நாற்சந்தி
Crossword, குறுக்கெழுத்து புதிர்
Crouch, குனிந்து உட்கார்
Crow, காகம்
Crowd, கூட்டம்
Crowded, கூட்ட நெரிசலான
Crown, கிரீடம்
Crucial, மிகவும் முக்கியமான
Crucible, புடக்குஹை / சோதனைக்களம்
Crude, கச்சா / கரடுமுரடான
Cruel, கொடூரமான
Cruelty, கொடுமை
Cruise, சொகுசுக் கப்பல் பயணம்
Crumb, ரொட்டித் துண்டு
Crumble, நொறுங்கு
Crumple, நசுக்கு
Crunch, மொறுமொறுப்பு / நெருக்கடி
Crusade, அறப்போர்
Crush, நசுக்கு
Crust, மேலோடு
Crutch, ஊன்றுகோல்
Cry, அழு / கத்து
Crying, அழுகை
Crypt, நிலத்தடி அறை
Crystal, படிகம்
Cub, குட்டி (விலங்கின்)
Cube, கனசதுரம்
Cubic, கனஅளவு
Cuckoo, குயில்
Cucumber, வெள்ளரிக்காய்
Cuddle, கட்டிப்பிடி
Cue, குறிப்பு / சமிக்ஞை
Cuff, சட்டைக் கைமுனை
Cuisine, சமையல்முறை
Culprit, குற்றவாளி
Cult, வழிபாட்டு முறை
Cultivate, பயிரிடு
Cultivation, விவசாயம் / சாகுபடி
Cultural, கலாச்சார
Culture, கலாச்சாரம்
Culvert, மதகு
Cumbersome, பாரமான / சிரமமான
Cumulative, திரண்ட
Cunning, தந்திரமான
Cup, கோப்பை
Cupboard, அலமாரி
Curb, கட்டுப்படுத்து
Cure, குணப்படுத்து
Curiosity, ஆர்வம்
Curious, ஆர்வமுள்ள
Curl, சுருள்
Curly, சுருட்டையான
Currency, நாணயம் / பணம்
Current, தற்போதைய / நீரோட்டம் / மின்சாரம்
Currently, தற்போது
Curriculum, பாடத்திட்டம்
Curry, கறி
Curse, சாபம்
Cursor, கர்சர்
Curtail, குறை
Curtain, திரைச்சீலை
Curvature, வளைவு
Curve, வளைவு
Curved, வளைந்த
Cushion, மெத்தை
Custody, காவல் / பாதுகாப்பு
Custom, வழக்கம் / சுங்கம்
Customary, வழக்கமான
Customer, வாடிக்கையாளர்
Customs, சுங்கத்துறை
Cut, வெட்டு
Cute, அழகான
Cutlery, கத்தி கரண்டி பொருட்கள்
Cutting, வெட்டுதல்
Cyber, இணையம் சார்ந்த
Cycle, சுழற்சி / மிதிவண்டி
Cycling, மிதிவண்டி ஓட்டுதல்
Cyclone, புயல்
Cylinder, உருளை / சிலிண்டர்
Cylindrical, உருளை வடிவ
Cynical, எதிர்மறை எண்ணமுள்ள
Cynicism, நம்பிக்கை இன்மை
Here is the continuation of the dictionary for the letter **D**:
Dab, லேசாகத் தொடு
Dagger, பாக்கி / குத்துவாள்
Daily, தினசரி
Dainty, நளினமான
Dairy, பால் பண்ணை
Daisy, டெய்ஸி மலர்
Dam, அணை
Damage, சேதம்
Damages, நஷ்டஈடு
Dame, அம்மையார்
Damp, ஈரமான
Dance, நடனம்
Dancer, நடனக் கலைஞர்
Dancing, நடனம் ஆடுதல்
Dandelion, மஞ்சள் பூச்செடி
Dandruff, பொடுகு
Danger, ஆபத்து
Dangerous, ஆபத்தான
Dangle, தொங்கு
Dare, தைரியமாக இரு / சவால் விடு
Daring, துணிச்சலான
Dark, இருண்ட / கருமையான
Darkness, இருள்
Darling, அன்பே / செல்லமே
Darn, தை / பிழைதிருத்து
Dart, எறிவேல் / பாய்ந்து செல்
Dash, விரை / கோடு
Dashboard, கட்டுப்பாட்டுப் பலகை
Data, தரவு
Database, தரவுத்தளம்
Date, தேதி / பேரீச்சம்பழம்
Dating, காப்பகம் / சந்திப்பு
Daughter, மகள்
Daunt, பயமுறுத்து
Dauntless, அஞ்சாத
Dawn, விடியல்
Day, நாள்
Daybreak, அதிகாலை
Daylight, பகலொளி
Daytime, பகல் நேரம்
Daze, மயக்கம்
Dazzle, கண்ச his / கூசச்செய்
Deacon, உதவி மதகுரு
Dead, இறந்த
Deadline, கடைசி நேரம்
Deadly, கொடிய
Deaf, செவிடு
Deafness, செவித்திறனின்மை
Deal, ஒப்பந்தம் / கையாளு
Dealer, வியாபாரி
Dealings, தொடர்புகள்
Dean, முதல்வர்
Dear, அன்பான / விலையுயர்ந்த
Dearly, ஆழமாக
Death, இறப்பு / மரணம்
Debate, விவாதம்
Debator, விவாதிப்பவர்
Debatably, விவாதத்திற்குரியதாக
Debilitate, பலவீனப்படுத்து
Debris, இடிபாடுகள்
Debt, கடன்
Debtor, கடன் பெற்றவர்
Debut, அரங்கேற்றம் / முதல் அறிமுகம்
Decade, தசாப்தம் (10 ஆண்டுகள்)
Decadence, சீரழிவு
Decapitate, தலைதுண்டி
Decay, சிதைவு / அழுகல்
Decease, இறப்பு
Deceased, மறைந்த
Deceit, ஏமாற்று வேலை
Deceive, ஏமாற்று
December, டிசம்பர்
Decency, கண்ணியம்
Decent, கண்ணியமான
Deception, ஏமாற்றுதல்
Deceptive, ஏமாற்றக்கூடிய
Decide, தீர்மானி
Decidedly, நிச்சயமாக
Decimal, தசமம்
Decision, முடிவு
Decisive, தீர்க்கமான
Deck, தளம் / தளமேடை
Declaration, பிரகடனம்
Declare, அறிவி
Decline, சரிவு / நிராகரி
Decode, குறியீட்டைப் பிரி
Decompose, மக்கிப்போ
Decomposition, சிதைவு
Decor, அலங்காரம்
Decorate, அலங்கரி
Decoration, அலங்காரம்
Decorative, அலங்காரமான
Decorum, கண்ணியம்
Decoy, ஆசைக்காட்டி மயக்கும் பொருள்
Decrease, குறை
Decree, ஆணை / தீர்ப்பு
Decrepit, தளர்ந்த / பழமையான
Dedicate, அர்ப்பணி
Dedicated, அர்ப்பணிக்கப்பட்ட
Dedication, அர்ப்பணிப்பு
Deduce, கணி / அனுமானி
Deduct, கழி
Deduction, கழித்தல் / அனுமானம்
Deed, செயல் / பத்திரப் பதிவு
Deem, கருது
Deep, ஆழமான
Deeply, ஆழமாக
Deface, சேதப்படுத்து
Defame, அவதூறு செய்
Defamation, அவதூறு
Default, இயல்புநிலை / தவறுகை
Defeat, தோல்வி / தோற்கடி
Defect, குறைபாடு
Defection, கட்சி மாறுதல்
Defective, குறைபாடுள்ள
Defence, பாதுகாப்பு
Defend, தற்காத்துக்கொள்
Defendant, பிரதிவாதி
Defender, பாதுகாவலர்
Defensive, தற்காப்பு சார்ந்த
Defer, ஒத்திவை
Deference, மரியாதை
Defiance, எதிர்ப்புக் காட்டுதல்
Defiant, எதிர்த்து நிற்கும்
Deficiency, குறைபாடு
Deficient, பற்றாக்குறையான
Deficit, பற்றாக்குறை
Defile, அசுத்தப்படுத்து
Define, வரையறு
Definite, தெளிவான / நிச்சயமான
Definitely, நிச்சயமாக
Definition, வரையறை
Definitive, இறுதியான
Deflate, காற்றை இறக்கு
Deflect, திசைதிருப்பு
Deforestation, காடழிப்பு
Deform, உருக்குலை
Deformity, ஊனம் / உருக்குலைவு
Defraud, ஏமாற்றிப் பறி
Defy, எதிர்த்து நில்
Degenerate, சீரழிந்த
Degradation, தரம் தாழ்தல்
Degrade, தரம் குறை
Degree, பட்டம் / அளவு
Dehydrate, நீரிழப்பு அடை
Deity, தெய்வம்
Dejected, மனச்சோர்வடைந்த
Delay, தாமதம்
Delegate, பிரதிநிதி
Delegation, பிரதிநிதிகள் குழு
Delete, நீக்கு
Deletion, நீக்கம்
Deliberate, திட்டமிட்ட / நிதானமான
Deliberately, வேண்டுமென்றே
Delicacy, மென்மை / சுவையான உணவு
Delicate, மென்மையான
Delicious, சுவையான
Delight, மகிழ்ச்சி
Delightful, மகிழ்ச்சியளிக்கும்
Delineate, விவரி
Delinquent, குற்றவாளி
Delirium, மனக்குழப்ப நிலை
Deliver, விநியோகி / பிரசவி
Delivery, விநியோகம் / பிரசவம்
Delta, டெல்டா / முகத்துவாரம்
Delude, ஏமாற்று
Deluge, வெள்ளப்பெருக்கு
Delusion, மனப்ப్రాந்தி
Demand, தேவை / கோரிக்கை
Demanding, சிரமமான
Demeanor, நடத்தை
Demean, சிறுமைப்படுத்து
Dementia, மறதி நோய்
Demise, மறைவு
Democracy, ஜனநாயகம்
Democrat, ஜனநாயகவாதி
Democratic, ஜனநாயக சார்ந்த
Demography, மக்கள் தொகையியல்
Demolish, இடித்துத் தள்ளு
Demolition, இடிப்பு
Demon, அரக்கன்
Demonstrate, நிரூபி / ஆர்ப்பாட்டம் செய்
Demonstration, செயல்முறை விளக்கம் / ஆர்ப்பாட்டம்
Demonstrator, ஆர்ப்பாட்டக்காரர்
Den, குகை / படுக்கையறை
Denial, மறுப்பு
Denomination, பிரிவு / பண மதிப்பு
Denote, குறிப்பிடு
Denounce, பகிரங்கமாகக் கண்டி
Dense, அடர்த்தியான
Density, அடர்த்தி
Dent, பள்ளம் / நசுக்கம்
Dental, பல் சார்ந்த
Dentist, பல் மருத்துவர்
Deny, மறு
Depart, புறப்படு
Department, துறை
Departmental, துறை சார்ந்த
Departure, புறப்பாடு
Depend, நம்பியிரு
Dependable, நம்பகமான
Dependence, சார்ந்திருத்தல்
Dependent, சார்ந்திருக்கும் நபர்
Depict, சித்தரி
Depiction, சித்தரிப்பு
Deplete, குறைத்துவிடு
Depletion, குறைவு
Deplorable, இரங்கத்தக்க
Deplore, வருந்து
Deploy, செயல்படுத்து / படை நிறுத்து
Deployment, நிறுத்துகை
Deport, நாடு கடத்து
Deportation, நாடுகடத்தல்
Deposit, வைப்புத்தொகை / சேமி
Depositor, வைப்பாளர்
Depot, சேமிப்புக் கிடங்கு
Deprave, சீரழி
Depreciate, மதிப்பு குறை
Depreciation, தேய்மானம்
Depress, மனச்சோர்வடையச் செய்
Depressed, மனச்சோர்வுற்ற
Depression, மனச்சோர்வு / பொருளாதார வீழ்ச்சி
Deprive, பறித்துக்கொள்
Deprivation, இழப்பு
Depth, ஆழம்
Deputy, துணைத் தலைவர்
Derail, தண்டவாளம் தப்பு
Derive, பெறு / வழிவிளி
Derived, பெறப்பட்ட
Derogatory, இழிவான
Derrick, ஏற்றி இறக்கும் கருவி
Descend, கீழே இறங்கு
Defendant, வாரிசு / வழித்தோன்றல்
Descent, இறக்கம் / வம்சாவளி
Describe, விவரி
Description, விவரணம்
Descriptive, விவரிக்கும்
Desecrate, அசுத்தப்படுத்து
Desert, பாலைவனம் / கைவிடு
Deserted, ஆளற்ற
Deserve, தகுதி பெறு
Design, வடிவமைப்பு
Designate, நியமி / குறிப்பிடு
Designation, பதவி
Designer, வடிவமைப்பாளர்
Desirable, விரும்பத்தக்க
Desire, ஆசை / விருப்பம்
Desk, மேஜை
Desktop, டெஸ்க்டாப்
Desolate, பாழடைந்த
Despair, நம்பிக்கையின்மை
Desperate, விரக்தியான
Desperately, தீவிரமாக
Despise, வெறு
Despite, இருந்தபோதிலும்
Despondent, மனமுடைந்த
Dessert, இனிப்புப் பண்டம்
Destination, இலக்கு
Destined, விதிக்கப்பட்ட
Destiny, விதி
Destitute, ஆதரவற்ற
Destroy, அழி
Destroyer, அழிப்பவன் / போர்நௌகா
Destruction, அழிவு
Destructive, அழிவுகரமான
Detach, பிரி
Detached, தனித்த
Detail, விவரம்
Detailed, விரிவான
Detain, காவலில் வை
Detective, துப்பறிவாளர்
Detector, கண்டறியும் கருவி
Detention, தடுப்புக் காவல்
Deter, தடுத்து நிறுத்து
Detergent, சலவை சோப்பு
Deteriorate, மோசமடை
Deterioration, சீர்குலைவு
Determination, உறுதிப்பாடு
Determine, தீர்மானி
Determined, உறுதியான
Deterrent, தடுப்புச் சாதனம்
Detest, வெறு
Detonate, வெடிக்கச்செய்
Detour, மாற்றுப்பாதை
Detriment, கேடு / இழப்பு
Detrimental, தீங்கான
Devastate, பாழாக்கு
Devastating, பேரழிவை ஏற்படுத்தும்
Devastation, பேரழிவு
Develop, உருவாக்கு / வளர்
Developer, உருவாக்குநர்
Developing, வளர்ந்து வரும்
Development, வளர்ச்சி
Deviate, விலகிச்செல்
Deviation, விலகல்
Device, சாதனம்
Devil, பிசாசு / பேய்
Devise, திட்டம் தீட்டு
Devoid, இல்லாத
Devote, அர்ப்பணி
Devoted, அர்ப்பணிப்புள்ள
Devotee, பக்தர்
Devotion, பக்தி
Devour, விழுங்கு
Devout, பக்தியுள்ள
Dew, பனித்துளி
Diabetes, நீரிழிவு நோய்
Diabetic, நீரிழிவு நோயாளி
Diagnose, நோய் கண்டறி
Diagnosis, நோய்க்கணிப்பு
Diagnostic, நோயறிதல் சார்ந்த
Diagonal, மூலைவிட்டம்
Diagram, வரைபடம்
Dial, டயல் செய் / கடிகார முகம்
Dialect, வட்டார வழக்கு
Dialogue, உரையாடல்
Diameter, விட்டம்
Diamond, வைரம்
Diaper, துணி / டயபர்
Diary, நாட்குறிப்பு
Dictate, கட்டளையிடு / வாசித்துக் காட்டு
Dictation, வாசித்தல்
Dictator, சர்வாதிகாரி
Dictatorship, சர்வாதிகாரம்
Dictionary, அகராதி
Die, இற
Diesel, டீசல்
Diet, உணவுமுறை
Dietary, உணவு தொடர்பான
Differ, வேறுபடு
Difference, வேறுபாடு
Different, வித்தியாசமான
Differently, வேறுவிதமாக
Difficult, கடினமான
Difficulty, சிரமம்
Diffident, தன்னம்பிக்கையற்ற
Diffuse, பரவு
Diffusion, பரவல்
Dig, தோண்டு
Digest, செரிமானம் செய் / தொகுப்பு
Digestion, செரிமானம்
Digestive, செரிமான மண்டலம் சார்ந்த
Digit, இலக்கம்
Digital, டிஜிட்டல் / எண்முறை
Dignified, கண்ணியமான
Dignity, கண்ணியம்
Dike, மதகு
Diligent, சுறுசுறுப்பான / உழைப்பாளி
Diligence, கடின உழைப்பு
Dilute, நீர்த்துப்போகச் செய்
Dim, மங்கலான
Dimension, பரிமாணம்
Diminish, குறை
Diminutive, சிறிய
Dimple, கன்னக்குழி
Dine, உணவருந்து
Diner, உணவகம் / உணவருந்துபவர்
Dinghy, சிறிய படகு
Dining, உணவருந்துதல்
Dinner, இரவு உணவு
Dinosaur, டைனோசர்
Dip, முக்கு / தாழ்வு
Diphtheria, தொண்டை அடைப்பான் நோய்
Diploma, டிப்ளமோ / சான்றிதழ்
Diplomacy, ராஜதந்திரம்
Diplomat, ராஜதந்திரி
Diplomatic, ராஜதந்திர சார்ந்த
Direct, நேரடி / வழிகாட்டு
Direction, திசை / வழிகாட்டல்
Directive, வழிகாட்டுதல்
Directly, நேரடியாக
Director, இயக்குனர்
Directory, கோப்பகம் / வழிகாட்டி
Dirt, அழுக்கு
Dirty, அழுக்கான
Disability, ஊனம்
Disable, முடக்கு
Disabled, மாற்றுத்திறனாளி
Disadvantage, தீமை / பின்னடைவு
Disagree, மாறுபடு
Disagreement, கருத்து வேறுபாடு
Disappear, மறைந்துபோ
Disappearance, மறைவு
Disappoint, ஏமாற்றமடையச் செய்
Disappointed, ஏமாற்றமடைந்த
Disappointment, ஏமாற்றம்
Disapproval, ஒப்புதலின்மை
Disapprove, நிராகரி
Disaster, பேரழிவு
Disastrous, பேரழிவான
Disband, கலைத்துவிடு
Disbelief, நம்பிக்கையின்மை
Discharge, விடுதலை செய் / வெளியேற்று
Disciple, சீடன்
Disciplinary, ஒழுங்கு நடவடிக்கை சார்ந்த
Discipline, ஒழுக்கம்
Disclose, வெளிப்படுத்து
Disclosure, வெளிப்படுத்துதல்
Discomfort, அசௌகரியம்
Disconnect, இணைப்பைத் துண்டி
Discontent, மனநிறைவின்மை
Discontinue, நிறுத்து
Discord, கருத்து வேறுபாடு
Discount, தள்ளுபடி
Discourage, மனம்தளரச்செய்
Discourse, சொற்பொழிவு
Discover, கண்டுபிடி
Discovery, கண்டுபிடிப்பு
Discredit, அவப்பெயர்
Discreet, ரகசியமான / எச்சரிக்கையான
Discrepancy, முரண்பாடு
Discretion, விவேகம்
Discriminate, பாகுபாடு காட்டு
Discrimination, பாகுபாடு
Discuss, விவாதி
Discussion, விவாதம்
Disdain, அலட்சியம்
Disease, நோய்
Diseased, நோயுற்ற
Disgrace, அவமானம்
Disgraceful, அவமானகரமான
Disguise, உருமாற்றம் / மாறுவேஷம்
Disgust, அருவருப்பு
Disgusting, அருவருப்பான
Dish, தட்டு / உணவு
Dishonest, நேர்மையற்ற
Dishonesty, நேர்மையின்மை
Dishonor, அவமானம்
Disk, வட்டு
Dislike, வெறுப்பு
Dismal, மங்கலான / சோகமான
Dismantle, பிரித்து எடு
Dismay, திடுக்கிடல்
Dismiss, பணிநீக்கம் செய் / நிராகரி
Dismissal, பணிநீக்கம்
Disobedience, கீழ்ப்படியாமை
Disobey, கீழ்ப்படிய மறு
Disorder, கோளாறு / ஒழுங்கின்மை
Disorganize, ஒழுங்கீனப்படுத்து
Disown, சொந்தம் கொண்டாட மறு
Disparate, முற்றிலும் மாறுபட்ட
Disparity, சமமின்மை
Dispatch, அனுப்பிவை
Dispel, போக்கு
Dispensary, மருந்தகம்
Dispense, வழங்கு
Disperse, சிதறடி
Displace, இடம்பயரச் செய்
Displacement, இடப்பெயர்ச்சி
Display, காட்சிப்படுத்து
Displease, கோபப்படுத்து
Disposal, அகற்றுதல்
Dispose, அகற்று
Disposition, மனப்போக்கு
Disprove, தவறென நிரூபி
Dispute, தகராறு
Disqualify, தகுதிநீக்கம் செய்
Disregard, அலட்சியப்படுத்து
Disrepute, அவப்பெயர்
Disrupt, இடையூறு செய்
Disruption, இடையூறு
Dissatisfaction, திருப்தியின்மை
Dissect, ব্যবச்சேதம் செய்
Disseminate, பரப்பு
Dissent, எதிர்ப்புக் கருத்து
Dissertation, ஆய்வுக் கட்டுரை
Disservice, கேடு
Dissident, எதிர்ப்பாளர்
Dissolve, கரை
Distance, தூரம்
Distant, தொலைவில் உள்ள
Distaste, வெறுப்பு
Distort, திரித்துக்கூறு
Distortion, திரிபு
Distract, கவனத்தை திருப்பு
Distraction, கவனச்சிதறல்
Distress, துன்பம்
Distribute, விநியோகி
Distribution, விநியோகம்
Distributor, விநியோகிப்பாளர்
District, மாவட்டம்
Distrust, அவநம்பிக்கை
Disturb, தொந்தரவு செய்
Disturbance, தொந்தரவு
Disuse, பயன்பாடற்ற நிலை
Ditch, அகழி / பள்ளம்
Dive, மூழ்கிக்குதி
Diver, மூழ்காளர்
Diverge, விலகிச்செல்
Diverse, பல்வேறுபட்ட
Diversify, ப diversify / பல்வகைப்படுத்து
Diversion, திசைதிருப்புதல்
Diversity, பன்முகத்தன்மை
Divert, திசைதிருப்பு
Divide, பிளவுபடுத்து / வகு
Dividend, பங்காதாயம்
Divine, தெய்வீக
Divinity, தெய்வீகம்
Division, பிரிவு / வகுத்தல்
Divorce, விவாகரத்து
Dizziness, தலைச்சுற்றல்
Dizzy, தலைச்சுற்றலாக இருக்கும்
Do, செய்
Docile, அடக்கமான
Dock, கப்பல்துறை
Doctor, மருத்துவர்
Doctrine, கொள்கை
Document, ஆவணம்
Documentary, ஆவணப்படம்
Documentation, ஆவணமாக்கல்
Dodge, தப்பித்துக்கொள்
Dog, நாய்
Dogma, கோட்பாடு
Doing, செய்தல்
Dole, உதவித்தொகை
Doll, பொம்மை
Dollar, டாலர்
Dolphin, டால்பின்
Domain, களம் / டொமைன்
Dome, கூரை / குவிமாடம்
Domestic, உள்நாட்டு / வீட்டு உபயோக
Dominance, ஆதிக்கம்
Dominant, ஆதிக்கம் செலுத்தும்
Dominate, ஆதிக்கம் செலுத்து
Domination, ஆதிக்கம்
Dominion, ஆட்சிப் பகுதி
Donate, தானம் செய்
Donation, நன்கொடை
Donor, கொடையாளி
Donkey, கழுதை
Doom, அழிவு
Door, கதவு
Doorstep, வாசற்படி
Doorway, நுழைவாயில்
Dormant, தூங்கும் நிலையில் உள்ள
Dormitory, விடுதி
Dosage, மருந்தளவு
Dose, அளவு
Dot, புள்ளி
Double, இரட்டை
Doubt, சந்தேகம்
Doubtful, சந்தேகத்திற்குரிய
Doubtless, சந்தேகமின்றி
Dough, மாவு
Dove, புறா
Down, கீழே
Downfall, வீழ்ச்சி
Download, பதிவிறக்கம் செய்
Downstairs, கீழ்தளம்
Downturn, சரிவு
Downward, கீழ்நோக்கி
Dozen, டஜன் (12)
Draft, வரைவு
Drag, இழு
Dragon, டிராகன்
Drain, வடிகால் / வற்று
Drainage, வடிகால் அமைப்பு
Drama, நாடகம்
Dramatic, நாடகத்தனமான / வியத்தகு
Dramatically, கணிசமாக
Drastic, தீவிரமான
Draw, வரை / இழு / சமநிலை
Drawback, குறைபாடு
Drawer, டிராயர் / இழுப்பறை
Drawing, வரைபடம்
Dread, பயம்
Dreadful, பயங்கரமான
Dream, கனவு
Dreamer, கனவு காண்பவர்
Dreary, மங்கலான
Dredge, அள்ளு / தோண்டு
Dress, உடை
Dressing, உடை அணிதல் / கட்டுப்போடுதல்
Dried, உலர்ந்த
Drift, மிதந்து செல்
Drill, துளையிடு / பயிற்சி
Drink, குடி
Drinker, குடிப்பவர்
Drinking, குடிக்கும் பழக்கம்
Drip, சொட்டு
Drive, ஓட்டு
Driver, ஓட்டுநர்
Driveway, நடைபாதை
Driving, ஓட்டுதல்
Drizzle, தூறல்
Drone, ட்ரோன் / ட்ரோன் விமானம்
Droop, தொங்கு
Drop, சொட்டு / விடு
Dropout, பாதியில் நின்றவர்
Drought, வறட்சி
Drown, மூழ்கி இற
Drowsy, தூக்க கலக்கமான
Drug, மருந்து / போதைப்பொருள்
Druggist, மருந்தாளுனர்
Drum, மேளம்
Drummer, மேளக்காரர்
Drunk, குடித்த
Drunkard, குடிகாரன்
Drunken, குடித்திருக்கும்
Dry, உலர்
Dryness, வறட்சி
Dual, இரட்டை
Dubious, சந்தேகத்திற்குரிய
Duck, வாத்து
Duct, குழாய்
Due, செலுத்த வேண்டிய
Duel, இருவர் சண்டை
Duet, இரட்டையர் பாடல்
Dull, மந்தமான
Dumb, ஊமை
Dump, கொட்டு
Dumpster, குப்பைத்தொட்டி
Dune, மணல் குன்று
Dung, சாணம்
Dungeon, பாதாள சிறை
Duplicate, நகல்
Durability, நீடித்து உழைக்கும் தன்மை
Durable, நீடித்து உழைக்கும்
Duration, கால அளவு
During, பொழுது
Dusk, அந்திப்பொழுது
Dust, தூசி
Dustbin, குப்பைத்தொட்டி
Dusty, தூசி நிறைந்த
Duty, கடமை
Dwarf, குள்ளமான
Dwell, வசி
Dweller, வசிப்பவர்
Dwelling, இருப்பிடம்
Dwindle, குறைந்துபோ
Dye, சாயம்
Dying, சாகும் நிலையில்
Dynamic, சுறுசுறுப்பான / மாறுபடும்
Dynamics, இயங்கியல்
Dynamite, வெடிமருந்து
Dynasty, வம்சம்
Dyslexia, வாசிப்புக் குறைபாடு
Here is the continuation of the dictionary for the letter **E**:
Eager, ஆர்வமுள்ள
Eagerly, ஆர்வத்துடன்
Eagerness, ஆர்வம்
Eagle, கழுகு
Ear, காது / கதிர்
Early, அதிகாலை / தொடக்கத்திலேயே
Earmark, ஒதுக்கி வை
Earn, சம்பாதி
Earnest, நேர்மையான / தீவிரமான
Earnings, வருமானம்
Earring, கம்மல் / தோடு
Earth, பூமி / மண்
Earthen, மண் சார்ந்த
Earthquake, நிலநடுக்கம்
Ease, எளிமை / அமைதி
Easily, எளிதாக
East, கிழக்கு
Easter, ஈஸ்டர் பண்டிகை
Eastern, கிழக்கு சார்ந்த
Easy, எளிமையான
Eat, சாப்பிடு
Eater, உண்பவர்
Eavesdrop, ஒட்டுக்கேள்
Ebb, உள்வாங்குதல் / சரிவு
Eccentric, விசித்திரமான
Echo, எதிரொலி
Eclipse, கிரகணம்
Ecological, சூழலியல் சார்ந்த
Ecology, சூழலியல்
Economic, பொருளாதார
Economical, சிக்கனமான
Economics, பொருளாதாரம்
Economist, பொருளாதார நிபுணர்
Economy, பொருளாதாரம் / சிக்கனம்
Ecstasy, பேரின்பம்
Ecstatic, பெருமகிழ்ச்சியடைந்த
Edge, விளிம்பு
Edible, உண்ணக்கூடிய
Edict, கட்டளை / ஆணை
Edit, திருத்து
Edition, பதிப்பு
Editor, ஆசிரியர்
Editorial, தலையங்கம்
Educate, கல்வியளி
Educated, கல்வி கற்ற
Education, கல்வி
Educational, கல்வி சார்ந்த
Educator, கல்வியாளர்
Eel, விலாங்கு மீன்
Efface, அழித்துவிடு
Effect, விளைவு
Effective, பயனுள்ள
Effectively, திறம்பட
Effectiveness, செயல்திறன்
Efficiency, திறமை / செயல்திறன்
Efficient, திறமையான
Effort, முயற்சி
Effortless, முயற்சியற்ற / எளிதான
Egg, முட்டை
Ego, அகந்தை / தன்முனைப்பு
Egoism, தன்னலவாதம்
Egregious, மிகவும் மோசமான
Egress, வெளியேற்றம்
Eight, எட்டு
Eighteen, பதினெட்டு
Eighty, எண்பது
Either, ஏதேனும் ஒன்று
Eject, வெளியேற்று
Elaborate, விரிவான / விளக்கு
Elaboration, விளக்கவுரை
Elastic, நெகிழ்வுத்தன்மை கொண்ட
Elasticity, நெகிழ்வுத்தன்மை
Elated, பெருமகிழ்ச்சியடைந்த
Elbow, முழங்கை
Elder, மூத்தவர்
Elderly, வயதான
Eldest, மூத்த
Elect, தேர்ந்தெடு
Election, தேர்தல்
Elective, விருப்பப் பாடம்
Elector, வாக்காளர்
Electoral, தேர்தல் சார்ந்த
Electric, மின்சார
Electrical, மின் சார்ந்த
Electrician, மின்சாரப் பணியாளர்
Electricity, மின்சாரம்
Electrify, மின்மயமாக்கு
Electron, எலக்ட்ரான்
Electronic, மின்னணு
Electronics, மின்னணுவியல்
Elegance, நேர்த்தி / அழகு
Elegant, நேர்த்தியான
Element, கூறு / தனிமம்
Elementary, ஆரம்ப நிலை
Elephant, யானை
Elevate, உயர்த்து
Elevation, உயரம் / உயர்வு
Elevator, மின்தூக்கி (எலிவேட்டர்)
Eleven, பதினொன்று
Eligible, தகுதியுள்ள
Eliminate, நீக்கு / அகற்று
Elimination, நீக்கம்
Elite, மேல்தட்டு / சிறந்த
Elixir, அமுதம்
Elk, மான் வகை
Ellipse, நீள்வட்டம்
Elliptical, நீள்வட்ட வடிவ
Elm, எல்ம் மரம்
Elocution, பேச்சுக்கலை
Elongate, நீட்டி
Eloquence, சொல்லாட்சி
Eloquent, தெளிவுறப் பேசும்
Else, வேறு
Elsewhere, வேறு எங்கேனும்
Elude, தப்பித்துக்கொள்
Elusive, பிடிபடாத
Emaciated, மெலிந்த / எலும்பும் தோலுமான
Email, மின்னஞ்சல்
Emancipate, விடுதலை செய்
Embargo, வணிகத் தடை
Embark, பயணத்தைத் தொடங்கு
Embarrass, சங்கடப்படுத்து
Embarrassment, சங்கடம்
Embassy, தூதரகம்
Embed, பதி
Embellish, அழகுபடுத்து
Ember, தணல்
Embezzle, கையாடல் செய்
Emblem, சின்னம்
Embody, உருவகப்படுத்து
Embrace, தழுவு / ஏற்றுக்கொள்
Embroider, தையல்வேலை செய்
Embroidery, எம்பிராய்டரி வேலை
Embryo, கரு
Emerald, மரகதம்
Emerge, வெளிப்படு
Emergence, தோற்றம்
Emergency, அவசரநிலை
Emeritus, ஓய்வுபெற்ற சிறப்புப் பேராசிரியர்
Emigrant, வெளிநாடு செல்பவர்
Emigrate, குடியேறு (வெளிநாட்டில்)
Emigration, வெளிநாட்டுக் குடியேற்றம்
Eminent, புகழ்பெற்ற
Emissary, தூதர்
Emission, உமிழ்வு / வெளியீடு
Emit, வெளிவிடு
Emotion, உணர்ச்சி
Emotional, உணர்ச்சிவசப்பட்ட
Empathetic, பரிவுள்ள
Empathy, அனுதாபம் / பரிவு
Emperor, சக்கரவர்த்தி
Emphasis, முக்கியத்துவம்
Emphasize, வலியுறுத்து
Empire, பேரரசு
Empirical, அனுபவப்பூர்வமான
Employ, வேலைக்கு அமர்த்து
Employee, ஊழியர்
Employer, முதலாளி
Employment, வேலைவாய்ப்பு
Empower, அதிகாரமளி
Empowerment, அதிகாரம் அளித்தல்
Empress, பேரரசி
Empty, வெற்று / காலியான
Emulate, பின்பற்று
Enable, செயல்படுத்து / இயலச்செய்
Enact, சட்டமாக்கு
Enchant, மயக்கு
Enclose, உள்ளே வை / சூழ்
Enclosure, அடைக்கப்பட்ட பகுதி
Encode, குறியீடாக்கு
Encompass, உள்ளடக்கு
Encore, மீண்டும் பாடு/ஆடு
Encounter, சந்திப்பு / மோதல்
Encourage, ஊக்குவி
Encouragement, ஊக்கம்
Encroach, ஆக்கிரமி
Encroach, ஆக்கிரமிப்பு செய்
Encumber, சுமையாக்கு
Encyclopaedia, கலைக்களஞ்சியம்
End, முடிவு
Endanger, ஆபத்துக்குள்ளாக்கு
Endangered, அழியும் நிலையிலுள்ள
Endeavor, முயற்சி
Endless, முடிவற்ற
Endorse, ஆதரி / கையொப்பமிடு
Endorsement, ஆதரவு / ஒப்புதல்
Endow, வழங்கு / நன்கொடையளி
Endowment, அறக்கட்டளை / கொடை
Endure, தாங்கு / பொறுத்துக்கொள்
Endurance, சகிப்புத்தன்மை
Enemy, எதிரி
Energetic, சுறுசுறுப்பான
Energy, ஆற்றல் / சக்தி
Enforce, அமல்படுத்து
Enforcement, அமலாக்கம்
Engage, ஈடுபடு
Engagement, நிச்சயதார்த்தம் / ஈடுபாடு
Engaging, ஈர்க்கக்கூடிய
Engine, எஞ்சின் / இயந்திரம்
Engineer, பொறியாளர்
Engineering, பொறியியல்
English, ஆங்கிலம்
Engrave, செதுக்கு
Engross, முழுமையாக ஈர்
Enhance, மேம்படுத்து
Enhancement, மேம்பாடு
Enigma, புதிரான விஷயம்
Enjoy, மகிழ் / அனுபவி
Enjoyable, மகிழ்ச்சியான
Enjoyment, மகிழ்ச்சி
Enlarge, பெரிதாக்கு
Enlighten, விழிப்புணர்வூட்டு
Enlightenment, ஞானம்
Enlist, சேர் (படை/குழு)
Enormous, மிகப்பெரிய
Enough, போதும்
Enquire, விசாரி
Enquiry, விசாரணை
Enrage, கோபப்படுத்து
Enrich, வளப்படுத்து
Enrol, பதிவுசெய்
Enrollment, சேர்க்கை
Ensure, உறுதிசெய்
Entangle, சிக்கவை
Enter, நுழை
Enterprise, நிறுவனம் / முயற்சி
Entertain, பொழுதுபோக்கு
Entertainer, கலைஞர்
Entertainment, பொழுதுபோக்கு
Enthusiasm, ஆர்வம்
Enthusiastic, ஆர்வமுள்ள
Entice, ஆசைக்காட்டு
Entire, முழுமையான
Entirely, முழுவதும்
Entity, அமைப்பு / இருப்பு
Entrance, நுழைவாயில்
Entrust, ஒப்படை
Entry, நுழைவு
Entwine, பின்னு
Enum, பட்டியல்
Enumerate, வரிசைப்படுத்து
Enunciate, தெளிவாகப் பேசு
Envelope, உறை
Envious, பொறாமையுள்ள
Environment, சுற்றுச்சூழல்
Environmental, சுற்றுச்சூழல் சார்ந்த
Envisage, கற்பனை செய் / தொலைநோக்கு
Envoy, சிறப்புத் தூதர்
Envy, பொறாமை
Epidemic, கொள்ளைநோய்
Epidermis, மேல் தோல்
Epilogue, முடிவுரை
Episode, பகுதி / நிகழ்வு
Epistle, திருமுகம் / கடிதம்
Epitome, சிறந்த உதாரணம்
Equal, சமமான
Equality, சமத்துவம்
Equally, சமமாக
Equator, நிலநடுக்கோடு
Equilibrium, சமநிலை
Equip, ஆயத்தப்படுத்து
Equipment, உபகரணம்
Equity, சமபங்கு / நேர்மை
Equivalent, சமமான
Eradicate, ஒழி / வேரறு
Eradication, ஒழிப்பு
Erase, அழி
Eraser, அழிப்பான்
Erect, நிமிர்ந்த / உருவாக்கு
Erection, கட்டுமானம்
Erode, அரி
Erosion, அரிப்பு
Err, தவறு செய்
Errand, சிறு வேலை
Erratic, நிலையற்ற
Error, தவறு
Erupt, வெடித்துச் சிதறு
Eruption, வெடிப்பு
Escalate, தீவிரமடை
Escalation, அதிகரிப்பு
Escalator, நகரும் படிக்கட்டு
Escape, தப்பிச் செல்
Eschew, தவிர்
Escort, பாதுகாப்புடன் அழைத்துச்செல்
Especially, குறிப்பாக
Espionage, உளவு பார்த்தல்
Essay, கட்டுரை
Essence, சாரம்
Essential, அத்தியாவசியமான
Essentially, அடிப்படையில்
Establish, நிறுவு
Establishment, நிறுவனம்
Estate, சொத்து / எஸ்டேட்
Esteem, மதிப்பு
Estimate, மதிப்பீடு
Estimation, மதிப்பீடு
Estrange, பிரித்துவிடு
Eternal, நித்திய / நிலையான
Eternity, நித்தியம்
Ethics, நெறிமுறைகள்
Ethical, நெறிமுறை சார்ந்த
Ethnic, இனக்குழு சார்ந்த
Ethos, பண்பாடு / இயல்பு
Etiquette, நன்னடத்தை
Euphony, இனிமையான ஒலி
Evacuate, வெளியேற்று
Evacuation, வெளியேற்றம்
Evade, தப்பி / தவிர்க்கு
Evaluate, மதிப்பிடு
Evaluation, மதிப்பீடு
Evaporate, ஆவியாகு
Evaporation, ஆவியாதல்
Evasion, தப்பித்தல்
Eve, முன்தினம்
Even, சமமான / கூட
Evening, மாலை
Event, நிகழ்வு
Eventful, நிகழ்வுகள் நிறைந்த
Eventual, இறுதியான
Eventually, இறுதியில்
Ever, என்றென்றும்
Evergreen, பசுமை மாறாத
Every, ஒவ்வொரு
Everybody, அனைவரும்
Everyday, தினசரி
Everyone, அனைவரும்
Everything, எல்லாமே
Everywhere, எங்கும்
Evict, வெளியேற்று
Eviction, வெளியேற்றம்
Evidence, சான்றாதாரம்
Evident, தெளிவான
Evidently, தெளிவாக
Evil, தீமை
Evoke, நினைவூட்டு
Evolution, பரிணாம வளர்ச்சி
Evolve, பரிணமி / வளர்
Exact, துல்லியமான
Exactly, சரியாக
Exaggerate, மிகைப்படுத்து
Exaggeration, மிகைப்படுத்தல்
Exalt, உயர்த்து
Examination, தேர்வு / சோதனை
Examine, பரிசோதி
Examiner, தேர்வாளர்
Example, உதாரணம்
Exasperate, கோபமூட்டு
Excavate, தோண்டி எடு
Excavation, அகழ்வாராய்ச்சி
Exceed, மிஞ்சு
Exceedingly, மிகவும்
Excel, சிறந்து விளங்கு
Excellence, சிறப்பு
Excellent, மிகச்சிறந்த
Except, தவிர
Exception, விதிவிலக்கு
Exceptional, விதிவிலக்கான
Excess, அதிகப்படியான
Excessive, அதிகமான
Exchange, பரிமாற்றம்
Excise, கலால் வரி
Excite, உற்சாகப்படுத்து
Excited, உற்சாகமான
Excitement, ஆர்வம் / உற்சாகம்
Exciting, விறுவிறுப்பான
Exclaim, ஆச்சரியத்துடன் கூறு
Exclamation, வியப்பு
Exclude, விலக்கு
Exclusion, விலக்கல்
Exclusive, பிரத்யேகமான
Exclusively, பிரத்யேகமாக
Excommunication, விலக்கி வைத்தல்
Excreta, கழிவு
Excruciating, கடுமையான வலிமிக்க
Excursion, சுற்றுலா
Excuse, காரணம் / மன்னிப்பு
Execute, செயல்படுத்து / மரணதண்டனை அளி
Execution, அமலாக்கம் / மரணதண்டனை
Executive, நிர்வாகி
Exemplary, முன்மாதிரியான
Exempt, விலக்களி
Exemption, விலக்கு
Exercise, உடற்பயிற்சி
Exert, செலுத்து (ஆற்றல்)
Exertion, உழைப்பு
Exhale, மூச்சு வெளிவிடு
Exhaust, களைப்படையச் செய் / கழிவுப் புகை
Exhausted, மிகவும் களைப்படைந்த
Exhaustion, அதிக களைப்பு
Exhaustive, விரிவான
Exhibit, காட்சிப்படுத்து
Exhibition, கண்காட்சி
Exhilarate, உற்சாகப்படுத்து
Exile, நாடுகடத்தல்
Exist, இரு
Existence, இருப்பு
Existing, நிலவும்
Exit, வெளியேறு
Exodus, வெளியேற்றம்
Exonerate, விடுவி
Exorbitant, அதிகப்படியான
Exotic, விசித்திரமான / வெளிநாட்டு
Expand, விரிவுபடுத்து
Expansion, விரிவாக்கம்
Expanse, பரப்பளவு
Expect, எதிர்பார்
Expectation, எதிர்பார்ப்பு
Expedition, ஆராய்ச்சிப் பயணம்
Expel, வெளியேற்று
Expend, செலவழி
Expenditure, செலவினம்
Expense, செலவு
Expensive, விலையுயர்ந்த
Experience, அனுபவம்
Experienced, அனுபவம் வாய்ந்த
Experiment, பரிசோதனை
Experimental, சோதனை ரீதியான
Expert, நிபுணர்
Expertise, நிபுணத்துவம்
Expire, காலாவதியாகு
Expiry, காலாவதி
Explain, விளக்கு
Explanation, விளக்கம்
Explanatory, விளக்கமளிக்கும்
Explicit, வெளிப்படையான
Explode, வெடி
Exploit, சுரண்டு / சாதனை
Exploitation, சுரண்டல்
Exploration, ஆராய்ச்சி
Explore, ஆராய்
Explorer, ஆராய்ச்சியாளர்
Explosion, வெடிப்பு
Explosive, வெடிபொருள்
Export, ஏற்றுமதி
Exporter, ஏற்றுமதியாளர்
Expose, வெளிப்படுத்து
Exposition, விளக்கம் / கண்காட்சி
Exposure, வெளிப்பாடு
Express, வெளிப்படுத்து / விரைவு
Expression, வெளிப்பாடு
Expressive, உணர்ச்சிமிக்க
Expressway, விரைவுச்சாலை
Expulsion, வெளியேற்றம்
Exquisite, மிக அழகிய
Extend, நீட்டி
Extension, நீட்டிப்பு
Extensive, விரிவான
Extent, அளவு
Exterior, வெளிப்புறம்
Exterminate, அழிக்கவும்
External, বাহ্যिक / வெளிப்புற
Extinct, அழிந்துபோன
Extinction, அழிவு
Extinguish, அணை
Extinguisher, அணைப்பான்
Extol, புகழு
Extort, மிரட்டிப் பறி
Extortion, மிரட்டிப் பறித்தல்
Extra, கூடுதல்
Extract, சாறு / பிரித்தெடு
Extraction, பிரித்தெடுத்தல்
Extradite, ஒப்படை (குற்றவாளியை)
Extradition, குற்றவாளி ஒப்படைப்பு
Extraordinary, அசாதாரணமான
Extravagant, ஆடம்பரமான
Extreme, தீவிரமான
Extremely, மிகவும்
Extremist, தீவிரவாதி
Extremity, முனை / எல்லை
Extrovert, வெளிப்படையான நபர்
Exuberant, துள்ளலான
Eye, கண்
Eyeball, விழிப்பொருள்
Eyebrow, புருவம்
Eyeing, நோக்குதல்
Eyelash, இமை மயிர்
Eyelid, கண் இமை
Eyesight, பார்வைத்திறன்
Eyewitness, நேரில் கண்ட சாட்சி
Here is the vocabulary list for the letter **F**:
Fable, கட்டுக்கதை
Fabric, துணி / கட்டமைப்பு
Fabricate, புனைந்து கூறு / உருவாக்கு
Fabrication, புனைவு / தயாரிப்பு
Face, முகம் / எதிர்கொள்
Facial, முகம் சார்ந்த
Facilitate, எளிதாக்கு
Facility, வசதி
Fact, உண்மை
Faction, உட்பிரிவு / குழு
Factor, காரணி
Factory, தொழிற்சாலை
Faculty, ஆசிரியர் குழு / மனத்திறன்
Fad, தற்காலிக ஆர்வம்
Fade, மங்கு
Fag, சோர்வடையச் செய்
Fahrenheit, ஃபாரன்ஹீட்
Fail, தோல்வியடை
Failure, தோல்வி
Faint, மயக்கமடை / மங்கலான
Faintly, மங்கலாக
Fair, நியாயமான / சந்தை / அழகிய
Fairly, நியாயமாக / ஓரளவு
Fairness, நியாயம்
Fairy, தேவதை
Fairytale, தேவதைக் கதை
Faith, நம்பிக்கை
Faithful, நம்பிக்கையுள்ள
Faithfully, உண்மையுடன்
Fake, போலி
Falcon, வல்லூறு
Fall, விழு / வீழ்ச்சி / இலையுதிர்காலம்
Fallacy, தவறான கருத்து
Fallen, வீழ்ந்த
Fallout, பின்விளைவு
False, தவறான / போலி
Falsehood, பொய்
Falsify, போலிப்பண்ணு
Faltered, தடுமாறிய
Fame, புகழ்
Familiar, அறிமுகமான
Familiarity, பரிச்சயம்
Familiarize, அறிமுகப்படுத்து
Family, குடும்பம்
Famine, பஞ்சம்
Famous, புகழ்பெற்ற
Fan, விசிறி / ரசிகர்
Fanatic, வெறியர்
Fanaticism, தீவிர வெறி
Fancy, கற்பனை / அலங்காரமான
Fanfare, ஆரவாரம்
Fang, நச்சுப்பல்
Fantastic, அற்புதமானது
Fantasy, கற்பனை உலகம்
Far, தொலைவில்
Farce, நகைச்சுவை நாடகம் / கூத்து
Fare, பயணக்கட்டணம்
Farewell, விடைபெறுதல்
Farm, பண்ணை
Farmer, விவசாயி
Farming, விவசாயம்
Fascinate, கவர்
Fascinating, கவர்ச்சிகரமான
Fascination, ஈர்ப்பு
Fascism, பாசிசம்
Fashion, ஃபேஷன் / பாணி
Fashionable, நவீன பாணியிலான
Fast, வேகமான / விரதம்
Fasten, கட்டு / பூட்டு
Fastener, பிணைப்பான்
Faster, வேகமாக
Fat, கொழுப்பு / குண்டான
Fatal, கொடிய / ஆபத்தான
Fatality, உயிரிழப்பு
Fate, விதி
Fateful, விதியைத் தீர்மானிக்கும்
Father, தந்தை
Fatherland, தாய்நாடு
Fathom, ஆழம் அளவிடு
Fatigue, சோர்வு
Fatty, கொழுப்பு நிறைந்த
Faucet, குழாய்
Fault, தவறு / குறைபாடு
Faulty, குறைபாடுள்ள
Favor, ஆதரவு / உதவி
Favorable, சாதகமான
Favoritism, பட்சபாதம்
Favorite, விருப்பமான
Fawn, மான்குட்டி
Fear, பயம்
Fearful, பயந்த
Fearless, பயமற்ற
Feasibility, சாத்தியக்கூறு
Feasible, சாத்தியமான
Feast, விருந்து
Feat, சாதனை
Feather, இறகு
Feature, அம்சம்
February, பிப்ரவரி
Federal, கூட்டாட்சி
Federation, கூட்டமைப்பு
Fee, கட்டணம்
Feeble, பலவீனமான
Feed, உணவளி
Feedback, பின்னூட்டம்
Feeder, உணவளிப்பான்
Feel, உணர்
Feeling, உணர்வு
Feet, அடிகள் / பாதங்கள்
Feign, பாசாங்கு செய்
Felicity, பேரின்பம்
Feline, பூனை சார்ந்த
Fell, வெட்டி வீழ்த்து
Fellow, தோழன் / உறுப்பினர்
Fellowship, தோழமை / உதவித்தொகை
Felony, பெரும் குற்றம்
Female, பெண்
Feminine, பெண்மை சார்ந்த
Feminism, பெண்மையியல்
Fence, வேலி
Fencing, வேலி அமைத்தல் / வாள்சண்டை
Fend, தற்காத்துக்கொள்
Fender, வாகனத் தடுப்பு
Ferment, நொதிக்கச்செய்
Fermentation, நொதித்தல்
Fern, பெருஞ்செடி
Ferocious, கொடூரமான
Ferocity, கொடூரம்
Ferry, படகுப்போக்குவரத்து
Fertile, வளமான
Fertility, வளமை
Fertilizer, உரம்
Fervor, ஆர்வம் / வெறி
Festival, திருவிழா
Festive, விழா சார்ந்த
Festivity, கொண்டாட்டம்
Fetch, கொண்டுவா
Fetus, கரு
Feud, பகை
Feudal, நிலப்பிரபுத்துவ
Fever, காய்ச்சல்
Feverish, காய்ச்சல் போன்ற
Few, சில
Fiance, நிச்சயிக்கப்பட்ட மணமகன்
Fiancee, நிச்சயிக்கப்பட்ட மணமகள்
Fiasco, பெரும் தோல்வி
Fiber, நார்ப்பொருள்
Fickle, நிலையற்ற
Fiction, புனைகதை
Fictional, கற்பனையான
Fictitious, போலியான
Fiddle, வயலின்
Fidelity, விசுவாசம்
Fidget, படபடப்பாக இரு
Field, வயல் / களம்
Fiend, அரக்கன்
Fierce, கொடூரமான / தீவிரமான
Fiery, நெருப்பு போன்ற
Fifteen, பதினைந்து
Fifth, ஐந்தாவது
Fifty, ஐம்பது
Fig, அத்திப்பழம்
Fight, சண்டை
Fighter, போர்வீரன்
Fighting, சண்டையிடுதல்
Figurative, உருவக
Figure, உருவம் / எண்
Filament, இழை
File, கோப்பு / வரிசை
Filial, பெற்றோர் சார்ந்த
Fill, நிரப்பு
Filling, நிரப்புதல்
Film, திரைப்படம் / மெல்லிய படலம்
Filter, வடிகட்டி
Filth, அழுக்கு / சாக்கடை
Filthy, மிகவும் அழுக்கான
Final, இறுதியான
Finale, இறுதிப் பகுதி
Finality, இறுதி நிலை
Finalize, இறுதி செய்
Finally, இறுதியில்
Finance, நிதி
Financial, நிதி சார்ந்த
Financier, நிதியாளர்
Find, கண்டுபிடி
Finding, கண்டுபிடிப்பு
Fine, அபராதம் / நேர்த்தியான / நல்ல
Finely, நுணுக்கமாக
Finesse, நளினம்
Finger, விரல்
Fingernail, நகம்
Fingertip, விரல் நுனி
Finish, முடி
Finished, முடிக்கப்பட்ட
Finite, எல்லையுள்ள
Fir, தேவதாரு மரம்
Fire, தீ / துப்பாக்கிச்சூடு / பணிநீக்கம் செய்
Firearm, துப்பாக்கி
Firecracker, பட்டாசு
Firefighter, தீயணைப்பு வீரர்
Fireplace, அடுக்களை / தீ மூட்டும் இடம்
Fireworks, வாணவேடிக்கை
Firm, நிறுவனம் / உறுதியான
Firmly, உறுதியாக
Firmness, உறுதி
First, முதல்
Firstly, முதலாவதாக
Fiscal, நிதி சார்ந்த
Fish, மீன்
Fisherman, மீனவர்
Fishery, மீன்பிடித்தளம்
Fishing, மீன்பிடித்தல்
Fissure, பிளவு
Fist, முஷ்டி / குத்துக்கை
Fit, பொருத்தமான / ஆரோக்கியமான
Fitness, உடல்தகுதி
Fitting, பொருத்தமான
Five, ஐந்து
Fix, சரிசெய் / பொருத்து
Fixed, நிலையான
Fixation, பிடிப்பு / பற்று
Fixture, நிரந்தரப் பொருள்
Fizz, நுரைத்து பொங்கு
Flag, கொடி
Flagship, முதன்மை
Flamboyant, ஆடம்பரமான
Flame, சுடர் / தீப்பிழம்பு
Flamingo, பூநாரை
Flank, பக்கவாட்டுப் பகுதி
Flannel, மெல்லிய கம்பளி
Flap, சிறகடி / மூடி
Flare, பிரகாசமான ஒளி
Flash, மின்னல் / ஒளிக்கீற்று
Flashlight, கைவிளக்கு
Flask, குடுவை
Flat, தட்டையான / அடுக்குமாடி வீடு
Flatness, தட்டைத்தன்மை
Flatten, தட்டையாக்கு
Flatter, புகழு / ஜாலம்பேசு
Flattery, புகழ்ந்து பேசுதல்
Flavor, சுவை / வாசனை
Flaw, குறைபாடு
Flawless, குறையற்ற
Flea, பிளே பூச்சி
Flee, தப்பித்தோடு
Fleece, ஆட்டுரோமம்
Fleet, கப்பற்படை / விரைவான
Fleeting, கணநேர
Flesh, சதை
Flexibility, நெகிழ்வுத்தன்மை
Flexible, நெகிழ்வான
Flick, தட்டு / சுண்டிவிடு
Flicker, மிளிர்தல் / சிமிட்டு
Flight, விமானப் பயணம்
Flimsy, மெலிதான
Flinch, பின்வாங்கு / தயங்கு
Fling, வீசியெறி
Flint, சிக்கிமுக்கிக் கல்
Flip, திருப்பு / தட்டு
Flippers, நீச்சல் துடுப்பு
Flirt, காதல் விளையாட்டு
Float, மித
Flock, மந்தை / கூட்டம்
Flog, சமையால் அடி
Flood, வெள்ளம்
Floor, தரை / தளம்
Flora, தாவர வளம்
Floral, மலர் சார்ந்த
Flour, மாவு
Flourish, செழித்து வளர்
Flow, பாய் / ஓட்டம்
Flower, மலர்
Flu, காய்ச்சல்
Fluctuate, ஏற்ற இறக்கமடை
Fluctuation, ஏற்ற இறக்கம்
Fluency, சரளம்
Fluent, சரளமான
Fluently, சரளமாக
Fluid, திரவம்
Fluorescence, ஒளிர்தல்
Flush, நீர் ஊற்று / சிவத்தல்
Flute, புல்லாங்குழல்
Flutter, படபடவென அடித்துக்கொள்
Fly, பற / ஈ
Flying, பறக்கும்
Foam, நுரை
Focal, குவிய
Focus, கவனம் செலுத்து / மையம்
Foe, எதிரி
Fog, மூடுபனி
Foggy, மூடுபனி நிறைந்த
Foil, அலுமினியத் தாள் / முறியடி
Fold, மடி
Folder, கோப்புறை
Foliage, இலைத்தழை
Folk, நாட்டுப்புற / மக்கள்
Folklore, நாட்டுப்புறவியல்
Follow, பின்னாள் செல் / பின்பற்று
Follower, பின்பற்றுபவர்
Following, பின்வரும்
Folly, முட்டாள்தனம்
Fond, விருப்பமுள்ள
Fondness, பிரியம்
Food, உணவு
Fool, முட்டாள்
Foolish, முட்டாள்தனமான
Foot, பாதம் / அடி
Footage, காட்சிப் பதிவு
Football, கால்பந்து
Footing, நிலை / தளம்
Footstep, காலடி
Footwear, காலணி
For, க்காக / பொருட்டு
Forage, உணவு தேடு
Forbid, தடைசெய்
Forbidden, தடைசெய்யப்பட்ட
Force, படை / விசை / வற்புறுத்து
Forceful, வலுவான
Ford, ஆற்றுக்கடவு
Forecast, கணிப்பு
Forefather, முன்னோர்கள்
Forehead, நெற்றி
Foreign, வெளிநாட்டு
Foreigner, வெளிநாட்டவர்
Forensic, தடய அறிவியல்
Foresee, முன்கூட்டியே அறி
Foresight, தொலைநோக்கு
Forest, காடு
Forestry, வனவியல்
Forever, என்றென்றும்
Forfeit, இழ / பறிமுதல்
Forge, உருவாக்கு / போலி செய்
Forgery, போலித்தனம்
Forget, மற
Forgetful, மறதி உள்ள
Forgive, மன்னி
Forgiveness, மன்னிப்பு
Fork, முட்கரண்டி / கிளைப்பாதை
Form, படிவம் / வடிவம் / உருவாக்கு
Formal, முறைப்படியான
Format, வடிவம்
Formation, உருவாக்கம்
Former, முன்னாள்
Formidable, அச்சமூட்டும் / சவாலான
Formula, சூத்திரம்
Formulate, உருவாக்கு
Formulation, உருவாக்கம்
Forsake, கைவிடு
Fort, கோட்டை
Forth, முன்னோக்கி
Forthcoming, வரவிருக்கும்
Fortify, பலப்படுத்து
Fortitude, மனஉறுதி
Fortress, பெரும் கோட்டை
Fortunate, அதிர்ஷ்டமுள்ள
Fortunately, அதிர்ஷ்டவசமாக
Fortune, அதிர்ஷ்டம் / சொத்து
Forty, நாற்பது
Forum, மன்றம்
Forward, முன்னோக்கி
Fossil, படிமம்
Foster, வளர் / ஆதரி
Foul, அசுத்தமான / தவறு
Found, நிறுவு / கண்டுபிடிக்கப்பட்ட
Foundation, அடித்தளம் / அறக்கட்டளை
Founder, நிறுவனர்
Fountain, நீரூற்று
Four, நான்கு
Fourteen, பதினான்கு
Fourth, நான்காவது
Fowl, பறவை / கோழி
Fox, நரி
Fraction, பின்னம் / சிறு பகுதி
Fracture, முறிவு
Fragile, எளிதில் உடையும்
Fragment, துண்டு
Fragrance, நறுமணம்
Fragrant, நறுமணமுள்ள
Frail, பலவீனமான
Frame, சட்டகம்
Framework, கட்டமைப்பு
Franchise, உரிமம் / வாக்குரிமை
Frank, வெளிப்படையான
Frankly, வெளிப்படையாக
Frantic, பதற்றமான
Fraud, மோசடி
Fraudulent, மோசடியான
Fray, தேய் / சண்டை
Freak, விசித்திரமான
Free, இலவசம் / சுதந்திரமான
Freedom, சுதந்திரம்
Freely, சுதந்திரமாக
Freeze, உறை
Freezer, குளிரூட்டி
Freight, சரக்கு
Frenzy, மனவெறி
Frequency, அதிர்வெண் / அலைவெண்
Frequent, அடிக்கடி நிகழும்
Frequently, அடிக்கடி
Fresh, புதிய
Freshman, முதலாண்டு மாணவர்
Fret, கவலைப்படு
Friction, உராய்ப்பு / மோதல்
Friday, வெள்ளிக்கிழமை
Friend, நண்பன்
Friendly, அன்பான / நட்பான
Friendship, நட்பு
Frigate, போர்க்கப்பல்
Fright, பயம்
Frighten, பயமுறுத்து
Frightened, பயந்த
Frightening, பயமுறுத்தும்
Frigid, கடும் குளிர்ந்த
Fringe, விளிம்பு
Frog, தவளை
Front, முன் / முன்னணி
Frontier, எல்லை
Frost, உறைபனி
Froth, நுரை
Frown, முகஞ்சுளி
Frugal, சிக்கனமான
Fruit, பழம்
Fruitful, பயனுள்ள
Frustrate, ஏமாற்றமடையச் செய்
Frustration, ஏமாற்றம்
Fry, வறு
Frying, வறுத்தல்
Fuel, எரிபொருள்
Fugitive, தப்பி ஓடியவர்
Fulfill, நிறைவேற்று
Fulfillment, நிறைவு
Full, முழு
Fully, முழுமையாக
Fumble, தடுமாறு
Fume, புகை
Fun, வேடிக்கை / மகிழ்ச்சி
Function, செயல்பாடு / விழா
Functional, செயல்பாட்டு
Fund, நிதி
Fundamental, அடிப்படையான
Fundraising, நிதி திரட்டுதல்
Funeral, ஈமச்சடங்கு
Fungi, பூஞ்சை
Funnel, புனல்
Funny, வேடிக்கையான
Fur, உரோமம்
Furious, கோபமான
Furnace, உலை
Furnish, தளவாடம் அமை / வழங்கு
Furniture, மரச்சாமான்கள்
Furrow, உழவுச்சால்
Further, மேலும்
Furthermore, மேலும்
Furtive, ரகசியமான
Fury, கடும் கோபம்
Fuse, உருகி / இணை
Fusion, இணைப்பு
Fuss, வீண் பரபரப்பு
Futile, வீணான
Future, எதிர்காலம்
Futuristic, எதிர்கால சார்ந்த
Fuzzy, மங்கலான / உரோமம் நிறைந்த
Here is the vocabulary list for the letter **G**:
Gag, வாயடைப்பு / பொய்
Gain, ஆதாயம் / பெறு
Galaxy, விண்மீன் மண்டலம்
Gale, பலத்த காற்று
Gall, பித்தம் / எரிச்சல்
Gallant, வீரமிக்க
Gallery, கலைக்கூடங்கள் / கேலரி
Gallon, கேலன் (அளவை)
Gallop, குதிரை பாய்ச்சல்
Gamble, சூதாடு
Gambling, சூதாட்டம்
Game, விளையாட்டு
Gang, கும்பல்
Gap, இடைவெளி
Garage, கேரேஜ் / வாகனப் பணிமனை
Garbage, குப்பை
Garden, தோட்டம்
Gardening, தோட்டக்கலை
Garlic, பூண்டு
Garment, ஆடை
Garnet, சிவப்பு ரத்தினம்
Garnish, அலங்கரி (உணவை)
Garrison, படைப்பிரிவு
Gas, வாயு / எரிபொருள்
Gasp, மூச்சுத்திணறு
Gate, கதவு / நுழைவாயில்
Gateway, நுழைவு வாயில்
Gather, சேகரி / ஒன்று கூடு
Gathering, கூட்டம்
Gauge, அளவி / அளவிடு
Gaze, உற்று நோக்கு
Gear, கியர் / உபகரணம்
Gel, ஜெல் / கூழ்மம்
Gem, ரத்தினம் / ஆபரணம்
Gender, பாலினம்
Gene, மரபணு
General, பொதுவான / ஜெனரல் (இராணுவப் பதவி)
Generalization, பொதுமைப்படுத்துதல்
Generally, பொதுவாக
Generate, உருவாக்கு
Generation, தலைமுறை
Generator, ஜெனரேட்டர் / மின்னாக்கி
Generosity, தாராள மனப்பான்மை
Generous, தாராள குணமுள்ள
Genetic, மரபணு சார்ந்த
Genetics, மரபியல்
Genius, மேதை
Genocide, இனப்படுகொலை
Genre, வகை (கலை/இலக்கியம்)
Gentle, மென்மையான
Gentleman, கண்ணியவான்
Gently, மெதுவாக / மென்மையாக
Genuine, உண்மையான
Geographic, புவியியல் சார்ந்த
Geography, புவியியல்
Geology, புவியியல் / பாறை இயல்
Geometry, வடிவியல்
Germ, கிருமி
German, ஜெர்மன்
Germinate, முளைவிடு
Gesture, சைகை
Get, பெறு
Ghastly, பயங்கரமான
Ghost, பேய் / ஆவி
Giant, அரக்கன் / மிகப்பெரிய
Giddiness, தலைச்சுற்றல்
Gift, பரிசு / திறமை
Gifted, திறமையான
Gig, இசை நிகழ்ச்சி / தற்காலிக வேலை
Gigantic, பிரம்மாண்டமான
Giggle, சிரிப்பு / நக்கல்
Gild, தங்கம் பூசு
Gill, மீனின் செவுள்
Gimmick, தந்திரம் / விளம்பர உத்தி
Gin, ஜின் மதுவகை
Ginger, இஞ்சி
Giraffe, ஒட்டகச்சிவிங்கி
Girdle, இடுப்புக்கச்சை
Girl, பெண் / சிறுமி
Girlfriend, பெண் தோழி
Gist, சாராம்சம்
Give, கொடு
Given, கொடுக்கப்பட்ட
Glacier, பனிப்பாறை
Glad, மகிழ்ச்சியான
Gladly, மகிழ்ச்சியுடன்
Glamour, கவர்ச்சி
Glance, பார்வை / லேசாகப் பார்
Gland, சுரப்பி
Glare, கூசும் ஒளி / முறைத்துப் பார்
Glass, கண்ணாடி / கோப்பை
Glasses, கண்ணாடி (கண்)
Glaze, மெருகூட்டு / மெருகு
Gleam, ஒளிக்கீற்று
Glee, மகிழ்ச்சி
Glen, பள்ளத்தாக்கு
Glide, சறுக்கிச் செல்
Glimpse, ஒரு கணப் பார்வை
Glisten, மின்னு
Glitch, தொழில்நுட்பக் கோளாறு
Glitter, மின்னுவது
Global, உலகளாவிய
Globalization, உலகமயமாக்கல்
Globe, பூகோளம் / உலகம்
Gloom, இருள் / மனச்சோர்வு
Gloomy, சோகமான
Glorious, புகழ்பெற்ற / பிரம்மாண்டமான
Glory, புகழ் / பெருமை
Gloss, மெருகு
Glossary, கலைச்சொல்லகராதி
Glossy, பளபளப்பான
Glove, கையுறை
Glow, ஒளிர்தல்
Glucose, குளுக்கோஸ்
Glue, பசை
Glutton, அதிக உணவு உண்பவர்
Gnash, பற்களைக் கடி
Gnat, கொசு வகை
Gnaw, கடித்துக் குதறு
Go, செல்
Goal, இலக்கு
Goat, வெள்ளாடு
God, கடவுள்
Goddess, தேவி / பெண் தெய்வம்
Godfather, ஞானத்தந்தை
Goggles, பாதுகாப்புத் தேவைக் கண்ணாடி
Gold, தங்கம்
Golden, தங்க நிற / பொன்னான
Golf, கோல்ஃப் விளையாட்டு
Good, நல்ல
Goodbye, விடைபெறுகிறேன்
Goodness, நற்பண்பு
Goods, பொருட்கள் / சரக்கு
Goose, வாத்து வகை
Gorge, பள்ளத்தாக்கு / அதிகமாக உண்
Gorgeous, மிகவும் அழகான
Gospel, நற்செய்தி
Gossip, வதந்தி / வீண் பேச்சு
Gourd, சுரைக்காய் / பூசணி வகை
Grown, வளர்ந்த
Govern, ஆட்சி செய்
Government, அரசாங்கம்
Governor, ஆளுநர்
Gown, நீண்ட ஆடை
Grace, அருள் / நளினம்
Graceful, நளினமான
Gracious, கருணையுள்ள
Grade, தரம் / வகுப்பு
Gradual, படிப்படியான
Gradually, படிப்படியாக
Graduate, பட்டதாரி
Graduation, பட்டமளிப்பு
Graft, ஒட்டுப்போடுதல் / லஞ்சம்
Grain, தானியம்
Gram, கிராம் (எடை அளவை)
Grammar, இலக்கணம்
Grammatical, இலக்கண சார்ந்த
Granary, தானியக் களஞ்சியம்
Grand, பிரம்மாண்டமான
Grandchild, பேரன் / பேத்தி
Granddaughter, பேத்தி
Grandfather, தாத்தா
Grandmother, பாட்டி
Grandparent, தாத்தா பாட்டி
Grandson, பேரன்
Grant, மானியம் / வழங்கு
Granite, கருங்கல்
Grape, திராட்சை
Graph, வரைபடம்
Graphic, வரைகலை / தெளிவான
Grasp, பிடி / புரிந்துகொள்
Grass, புல்
Grasshopper, வெட்டுக்கிளி
Grate, துருவு
Grateful, நன்றியுள்ள
Gratitude, நன்றி உணர்வு
Grave, கல்லறை / கடுமையான
Gravel, சரளைக்கல்
Gravity, ஈர்ப்பு விசை / गंभीरता
Gravy, குழம்பு
Graze, மேய் / உராய்தல்
Grease, கிரீஸ் / கொழுப்பு
Great, சிறந்த / பெரிய
Greatly, பெருமளவில்
Greatness, பெருமை
Greed, பேராசை
Greedy, பேராசையுள்ள
Green, பச்சை
Greenhouse, பசுமைக்குடில்
Greet, வாழ்த்து
Greeting, வாழ்த்துக்கள்
Grenade, கைஎறி குண்டு
Grey, சாம்பல் நிறம்
Grid, கட்டமைப்பு / மின் கட்டமைப்பு
Grief, துக்கம்
Grieve, வருந்து
Grievance, குறை / மனக்குறைகள்
Grim, கொடூரமான / சோகமான
Grin, இளிப்பு / புன்னகை
Grind, அரை / கூர்மையாக்கு
Grinder, அரைக்கும் கருவி
Grip, பிடி
Grit, மனஉறுதி / சிறு கல்
Groan, முனகல்
Grocer, மளிகைக்கடைக்காரர்
Grocery, மளிகைப் பொருட்கள்
Groom, மணமகன் / மெருகேற்று
Groove, খাঁজ / பள்ளம்
Gros, மொத்த
Gross, மொத்த / அருவருப்பான
Ground, தரை / மைதானம்
Group, குழு
Grove, தோப்பு
Grow, வளர்
Growl, உறுமல்
Growth, வளர்ச்சி
Grudge, வஞ்சம் / மனக்கசப்பு
Gruesome, பயங்கரமான
Grumble, முணுமுணு
Guarantee, உத்தரவாதம்
Guard, பாதுகாவலர் / பாதுகா
Guardian, பாதுகாவலர்
Guerrilla, கெரில்லா படை
Guess, யூகி
Guest, விருந்தினர்
Guidance, வழிகாட்டல்
Guide, வழிகாட்டி
Guidelines, வழிகாட்டுதல்கள்
Guild, சங்கம்
Guilt, குற்றவுணர்ச்சி
Guilty, குற்றவாளி
Guinea, கினியா (நாணயம்/நாடு)
Guitar, கிட்டார்
Guitarist, கிட்டார் கலைஞர்
Gulf, வளைகுடா
Gull, கடற்பறவை
Gullible, ஏமாறக்கூடிய
Gulp, விழுங்கு
Gum, ஈறு / பசை
Gun, துப்பாக்கி
Gunpowder, வெடிமருந்து
Guru, குரு / ஆசிரியர்
Gush, பீறிட்டுப் பாய்
Gut, குடல் / தைரியம்
Gutter, சாக்கடை
Gym, உடற்பயிற்சிக்கூடம்
Gymnastics, ஜிம்னாஸ்டிக்ஸ்
Gypsy, நாடோடி
Here is the vocabulary list for the letter **H**:
Habit, பழக்கம்
Habitable, வாழத்தகுந்த
Habitat, வசிப்பிடம்
Habitual, வழக்கமான
Hack, வெட்டு / ஹேக் செய்
Hacker, கணினி ஊடுருவலாளர்
Hacksaw, இரும்பு அறுக்கும் வாள்
Hail, ஆலங்கட்டி மழை / வாழ்த்து
Hair, முடி
Haircut, முடி திருத்தம்
Hairdresser, முடி திருத்துபவர்
Hairy, முடி நிறைந்த
Hale, ஆரோக்கியமான
Half, பாதி
Halfway, பாதி வழியில்
Hall, கூடம் / அரங்கம்
Hallmark, தரச்சான்று / அடையாளம்
Hallucination, மனப்பிராந்தி
Halo, ஒளிவட்டம்
Halt, நிறுத்து / நிறுத்தம்
Halve, பாதியாகக் குறை
Ham, பன்றி இறைச்சி
Hammer, சுத்தியல்
Hammock, தூளி
Hamper, தடுத்து நிறுத்து / பரிசுப் கூடை
Hand, கை / வழங்கு
Handbag, கைப்பை
Handbook, கையேடு
Handcuff, விலங்கு (கை)
Handful, கைப்பிடி அளவு
Handicap, குறைபாடு / தடை
Handicraft, கைவினைப்பொருள்
Handkerchief, கைக்குட்டை
Handle, கையாளு / கைப்பிடி
Handler, கையாளுபவர்
Handling, கையாளுதல்
Handmade, கையால் செய்யப்பட்ட
Handshake, கைக்குலுக்கல்
Handsome, அழகிய (ஆண்)
Handwriting, கையெழுத்து
Handy, பயனுள்ள / சுலபமான
Hang, தொங்கு / தூக்கிலிடு
Hanger, கொக்கி / மாட்டி
Hangar, விமானக் கொட்டகை
Happen, நட / நிகழு
Happening, நிகழ்வு
Happily, மகிழ்ச்சியாக
Happiness, மகிழ்ச்சி
Happy, மகிழ்ச்சியான
Harass, துன்புறுத்து
Harassment, துன்புறுத்தல்
Harbor, துறைமுகம் / அடைக்கலம் கொடு
Hard, கடினமான / கெட்டியான
Harden, கடினமாக்கு
Hardly, அரிதாக / கடினமாக
Hardness, கடினத்தன்மை
Hardship, கஷ்டம் / சிரமம்
Hardware, வன்பொருள்
Hardworking, கடின உழைப்புள்ள
Hardy, உறுதியான
Hare, முயல்
Harm, தீங்கு / பாதிப்பு
Harmful, தீங்கு விளைவிக்கும்
Harmless, தீங்கற்ற
Harmonious, இணக்கமான
Harmonize, ஒருங்கிணை
Harmony, இணக்கம் / இசைவு
Harness, பயன்படுத்து / கச்சை
Harp, யாழ்
Harsh, கடுமையான
Harshness, கடுமை
Harvest, அறுவடை
Harvester, அறுவடை இயந்திரம்
Haste, அவசரம்
Hasten, அவசரப்படுத்து
Hasty, அவசரமான
Hat, தொப்பி
Hatch, பொரி (முட்டை) / கதவு
Hate, வெறு
Hateful, வெறுக்கத்தக்க
Hatred, வெறுப்பு
Haughty, அகந்தை கொண்ட
Haul, இழுத்துச் செல்
Haunt, பயமுறுத்து / அடிக்கடி செல்லும் இடம்
Haunted, பேய் பிடித்த
Have, வைத்திரு
Haven, புகலிடம்
Havoc, பேரழிவு
Hawk, பருந்து
Hay, வைக்கோல்
Hazard, ஆபத்து
Hazardous, ஆபத்தான
Haze, பனிமூட்டம் / மங்கல்
Hazy, மங்கலான
He, அவன்
Head, தலை / முதன்மை
Headache, தலைவலி
Heading, தலைப்பு
Headlight, முகப்பு விளக்கு
Headline, முதன்மைச் செய்தி
Headquarters, தலைமையகம்
Headset, ஹெட்செட்
Heal, குணமாக்கு
Healer, குணப்படுத்துபவர்
Healing, குணமடைதல்
Health, ஆரோக்கியம்
Healthy, ஆரோக்கியமான
Heap, குவியல்
Hear, கேள்
Hearing, கேட்டல் / விசாரணை
Hearsay, வதந்தி
Heart, இதயம்
Heartbeat, இதயத் துடிப்பு
Heartbreak, மனமுறிவு
Heartfelt, மனமார்ந்த
Heartless, இரக்கமற்ற
Hearty, மனமார்ந்த / ஆரோக்கியமான
Heat, வெப்பம் / சூடாக்கு
Heater, வெப்பமூட்டி
Heath, தரிசு நிலம்
Heathen, மதமற்றவர்
Heating, வெப்பமாக்குதல்
Heave, தூக்கு / பெருமூச்சு விடு
Heaven, சொர்க்கம்
Heavily, பெருமளவில்
Heavy, கனமான
Hebrew, எபிரேயம்
Hedge, புதர் வேலி
Heed, கவனம் செலுத்து
Heel, குதிங்கால்
Hefty, கனமான / பெரிய
Height, உயரம்
Heighten, உயர்த்து / தீவிரமாக்கு
Heir, வாரிசு
Heiress, பெண் வாரிசு
Helicopter, ஹெலிகாப்டர்
Helium, ஹீலியம்
Hell, நரகம்
Hello, வணக்கம்
Helm, சுக்கான் / தலைமை
Helmet, தலைக்கவசம்
Help, உதவி
Helper, உதவியாளர்
Helpful, பயனுள்ள / உதவிசெய்யும்
Helping, உதவி / உணவின் அளவு
Helpless, ஆதரவற்ற
Helplessness, ஆதரவற்ற நிலை
Hem, மடிப்பு (துணி)
Hemisphere, அரைக்கோளம்
Hemp, சணல்
Hen, பெண் கோழி
Hence, எனவே
Henceforth, இனிமேல்
Herald, தூதர் / அறிவி
Herb, மூலிகை
Herbal, மூலிகை சார்ந்த
Herd, மந்தை
Herdsman, மேய்ப்பன்
Here, இங்கே
Hereafter, இனிமேல்
Hereditary, பரம்பரை
Heredity, பரம்பரைத்தன்மை
Heritage, பாரம்பரியம்
Hermit, துறவி
Hero, கதாநாயகன் / வீரன்
Heroic, வீரமிக்க
Heroine, கதாநாயகி
Heroism, வீரம்
Hesitant, தயக்கமுள்ள
Hesitate, தயங்கு
Hesitation, தயக்கம்
Hexagon, அறுகோணம்
Hey, ஏய்
Hiatus, இடைவெளி
Hibernate, குளிர்கால உறக்கம்
Hibernation, பனி உறக்கம்
Hiccup, விக்கல்
Hidden, மறைக்கப்பட்ட
Hide, மறை / தோல்
Hideous, அருவருப்பான
Hierarchy, படிநிலை
Hieroglyph, சித்திர எழுத்து
High, உயரமான
Highland, மலைப்பகுதி
Highlight, சிறப்பம்சமாகக் காட்டு
Highly, மிகவும்
Highway, நெடுஞ்சாலை
Hike, நடைபயணம் / விலை உயர்வு
Hiker, நடைபயணம் செல்பவர்
Hilarious, மிகவும் வேடிக்கையான
Hill, மலை / குன்று
Hilly, மலைப்பாங்கான
Hilt, கைப்பிடி (வாளின்)
Him, அவனை
Himself, அவனே
Hind, பின்
Hinder, தடுத்து நிறுத்து
Hindrance, இடையூறு
Hinge, கீல்
Hint, குறிப்பு / சமிக்ஞை
Hip, இடுப்பு
Hire, வாடகைக்கு எடு / வேலைக்கு அமர்த்து
Historian, வரலாற்று ஆசிரியர்
Historic, வரலாற்று சிறப்புமிக்க
Historical, வரலாற்று
History, வரலாறு
Hit, அடி / தாக்கு
Hitch, தடை / இணை
Hitherto, இதுவரை
Hive, தேன்கூடு
Hoard, சேமித்து வை / குவி
Hoarding, விளம்பரப் பலகை
Hoarse, கரகரப்பான குரல்
Hoax, ஏமாற்று வேலை
Hobble, தட்டுத்தடமாறி நட
Hobby, பொழுதுபோக்கு
Hockey, ஹாக்கி
Hoist, ஏற்று (கொடி)
Hold, பிடி / நடத்து
Holder, வைத்திருப்பவர்
Holding, உடைமை
Hole, துளை / பள்ளம்
Holiday, விடுமுறை
Holistic, ஒட்டுமொத்த
Hollow, வெற்று / குழியான
Holy, புனிதமான
Homage, அஞ்சலி
Home, வீடு
Homeland, தாய்நாடு
Homeless, வீடற்ற
Homely, எளிமையான
Homemade, வீட்டில் செய்யப்பட்ட
Homesick, வீட்டின் ஏக்கம்
Homeway, வீட்டு வழி
Homework, வீட்டுப்பாடம்
Homicide, கொலை
Honest, நேர்மையான
Honesty, நேர்மை
Honey, தேன்
Honeymoon, தேனிலவு
Honor, மரியாதை / கௌரவம்
Honorable, மரியாதைக்குரிய
Honors, சிறப்புகள்
Hood, மூடி / தலை உறை
Hoof, குளம்பு
Hook, கொக்கி
Hooligan, ரவுடி
Hoop, வளையம்
Hop, ஒற்றைக் காலில் குதி
Hope, நம்பிக்கை
Hopeful, நம்பிக்கையுள்ள
Hopeless, நம்பிக்கையற்ற
Horizon, அடிவானம்
Horizontal, கிடைமட்ட
Horn, கொம்பு / ஹார்ன்
Horrible, பயங்கரமான
Horrid, அருவருப்பான
Horrify, பயமுறுத்து
Horror, திகில்
Horse, குதிரை
Horseback, குதிரை சவாரி
Horsepower, குதிரைத்திறன்
Horticulture, தோட்டக்கலை
Hose, குழாய்
Hospitable, விருந்தோம்பல் உள்ள
Hospital, மருத்துவமனை
Hospitality, விருந்தோம்பல்
Hospitalize, மருத்துவமனையில் சேர்
Host, நடத்துனர் / விருந்தோம்புபவர்
Hostage, பிணைக்கைதி
Hostel, விடுதி
Hostile, பகைமையுள்ள
Hostility, பகைமை
Hot, சூடான
Hotel, ஹோட்டல்
Hour, மணிநேரம்
Hourly, மணிநேரத்திற்கு ஒருமுறை
House, வீடு
Household, குடும்பம் / வீட்டு உபயோக
Housekeeper, வீடுபராமரிப்பாளர்
Housekeeping, வீட்டு பராமரிப்பு
Housing, குடியிருப்பு
Hover, மித (காற்றில்)
How, எப்படி
However, இருப்பினும்
Howl, ஊளையிடு
Hub, மையம்
Huddle, கூடி நில்
Hue, நிறம் / வண்ணம்
Hug, கட்டிப்பிடி
Huge, மிகப்பெரிய
Hull, கப்பலின் உடற்பகுதி
Hum, ரீங்காரம்
Human, மனிதன்
Humane, மனிதநேயமுள்ள
Humanitarian, மனிதநேய
Humanity, மனிதநேயம் / மனிதகுலம்
Humble, பணிவான
Humbly, பணிவோடு
Humid, ஈரப்பதமான
Humidity, ஈரப்பதம்
Humiliate, அவமானப்படுத்து
Humiliation, அவமானம்
Humility, பணிவு
Humor, நகைச்சுவை
Humorous, நகைச்சுவையான
Hump, திமிழ்
Hunch, தோற்றம் / யூகக் கணிப்பு
Hundred, நூறு
Hunger, பசி
Hungry, பசியுள்ள
Hunt, வேட்டையாடு
Hunter, வேட்டைக்காரன்
Hunting, வேட்டையாடுதல்
Hurdle, தடை
Hurl, வீசியெறி
Hurricane, சூறாவளி
Hurry, அவசரம்
Hurt, காயம் / బాధப்படுத்து
Husband, கணவன்
Hush, அமைதி
Husk, உமி / தோல்
Hut, குடில்
Hygiene, சுகாதாரம்
Hygienic, சுகாதாரமான
Hymn, பாமாலை / கீதம்
Hyperactive, அதிக சுறுசுறுப்பான
Hypocrisy, போலித்தனம்
Hypocrite, போலி மனிதன்
Hypothesis, கருதுகோள்
Hysteria, மனக்கட்டுப்பாடற்ற நிலை
Here is the vocabulary list for the letter **I**:
I, நான்
Ice, பனி / பனிக்கட்டி
Iceberg, பனிப்பாறை
Icon, சின்னம் / ஐகான்
Idea, யோசனை / கருத்து
Ideal, லட்சிய / சிறந்த
Identify, அடையாளம் காண்
Identity, அடையாளம்
Ideology, கருத்தியல்
Idiom, மரபுத்தொடர்
Idle, சோம்பேறியான / வேலையற்ற
Idol, சிலை / வழிபாட்டு உருவம்
Ignite, தீப்பற்ற வை
Ignorance, அறியாமை
Ignorant, அறியாமையுள்ள
Ignore, அலட்சியப்படுத்து
Ill, நோயாளி / மோசமான
Illegal, சட்டவிரோதமான
Illness, நோய் / உடல்நலமின்மை
Illuminate, ஒளிரச்செய்
Illusion, மாயை
Illustrate, விளக்கு / சித்திரமாக்கு
Illustration, விளக்கம் / சித்திரம்
Image, படம் / பிம்பம்
Imagination, கற்பனை
Imagine, கற்பனை செய்
Imitate, பாவனை செய் / பின்பற்று
Immediate, உடனடி
Immediately, உடனடியாக
Immense, மிகப்பெரிய
Immerse, மூழ்கடி
Immence, பிரம்மாண்டமான
Immung, நோய் எதிர்ப்பு சக்தி
Immune, நோய் எதிர்ப்புத் திறன் கொண்ட
Immunity, நோய் எதிர்ப்பு சக்தி
Impact, தாக்கம்
Impair, சேதப்படுத்து
Impart, வழங்கு / தெரிவி
Impartial, நடுநிலையான
Impatience, பொறுமையின்மை
Impatient, பொறுமையற்ற
Impede, தடுத்து நிறுத்து
Impediment, இடையூறு
Impending, வரவிருக்கும்
Imperative, மிக முக்கியமான
Imperfect, குறையுள்ள
Imperial, பேரரசு சார்ந்த
Impetus, உந்தல் / ஊக்கம்
Implement, செயல்படுத்து / கருவி
Implementation, அமலாக்கம்
Implicate, சிக்கவை
Implicit, மறைமுகமான
Implore, கெஞ்சு
Imply, உணர்த்து / குறிப்பால் கூறு
Import, இறக்குமதி
Importance, முக்கியத்துவம்
Important, முக்கியமான
Impose, திணி / விதி
Imposing, கம்பீரமான
Impossible, சாத்தியமற்ற
Impress, கவ / ஈர்
Impression, பதிவு / எண்ணம்
Impressive, ஈர்க்கக்கூடிய
Imprison, சிறையிலடை
Imprisonment, சிறைத்தண்டனை
Improve, மேம்படுத்து
Improvement, மேம்பாடு
Improvise, சமயோசிதமாக செய்
Impulse, தூண்டுதல்
Impulsive, தூண்டுதலால் செயல்படும்
Impurity, அசுத்தம்
In, உள்ளே
Inability, இயலாமை
Inaccurate, துல்லியமற்ற
Incentive, ஊக்கத்தொகை
Incident, நிகழ்வு
Incidental, தற்செயலான
Incinerate, எரித்துச் சாம்பலாக்கு
Incision, வெட்டுக்காயம்
Incite, தூண்டிவிடு
Incline, சாய்வு / விருப்பம்
Inclination, சாய்வு / மனப்போக்கு
Include, உள்ளடக்கு
Including, உட்பட
Inclusion, சேர்த்தல்
Inclusive, உள்ளடக்கிய
Income, வருமானம்
Incoming, உள்வரும்
Incompatible, இணக்கமற்ற
Incompetent, திறமையற்ற
Incomplete, முழுமையற்ற
Incorporate, ஒருங்கிணை / இணை
Increase, அதிகரி
Increasingly, மேன்மேலும்
Incredible, நம்பமுடியாத
Incriminate, குற்றம் சாட்டு
Incur, ஆளாகு (செலவு/இழப்பு)
Incurable, குணப்படுத்த முடியாத
Indebted, கடமைப்பட்ட
Indeed, மெய்யாகவே
Indefinite, காலவரையறையற்ற
Independence, சுதந்திரம்
Independent, சுதந்திரமான
Indicate, சுட்டிக்காட்டு
Indication, அறிகுறி
Indicator, காட்டி / அறிகுறி
Indict, குற்றம் சாட்டு
Indifference, அலட்சியம்
Indifferent, அக்கறையற்ற
Indigenous, உள்நாட்டு / பழங்குடி
Indigent, ஏழையான
Indigestion, செரிமானமின்மை
Indignant, கோபமடைந்த
Indirect, மறைமுக
Indispensable, தவிர்க்க முடியாத
Individual, தனிநபர்
Induce, தூண்டு
Indulge, ஈடுபடு / செல்லம்கொடு
Industrial, தொழில் துறை சார்ந்த
Industrious, உழைப்பாளி
Industry, தொழில் துறை
Inevitable, தவிர்க்க முடியாத
Infamous, துர்நாற்றமடைந்த / கெட்ட பெயர் பெற்ற
Infant, குழந்தை
Infantry, காலாட்படை
Infect, தொற்றுவி
Infection, தொற்று
Infectious, தொற்றும் தன்மை கொண்ட
Infer, அனுமானி
Inference, அனுமானம்
Inferior, தரம் குறைந்த
Inferno, பெரும் தீ
Infest, பரவு (பூச்சிகள்/நோய்கள்)
Infinite, எல்லையற்ற
Inflame, அழற்சி உண்டாக்கு / தூண்டு
Inflammable, எளிதில் தீப்பற்றும்
Inflammation, வீக்கம் / அழற்சி
Inflate, காற்றை நிரப்பு
Inflation, பணவீக்கம்
Inflexible, வளைந்துகொடுக்காத
Inflict, திணி / துன்புறுத்து
Influence, செல்வாக்கு / தாக்கம்
Influential, செல்வாக்குமிக்க
Inform, தெரிவி
Informal, முறைசாரா
Information, தகவல்
Informative, தகவலளிக்கும்
Informer, ஒற்றன் / தகவல் அளிப்பவர்
Infrage, மீறு
Infringe, மீறுதல்
Ingenious, புத்திசாலித்தனமான
Ingenuity, புதுமைப் புனைவுத் திறன்
Ingredient, மூலப்பொருள்
Inhabit, வசி
Inhabitant, வசிப்பவர்
Inhale, மூச்சு உள்வாங்கு
Inherent, உள்ளார்ந்த
Inherit, பரம்பரையாகப் பெறு
Inheritance, சொத்துரிமை / பரம்பரை
Inhibit, தடுத்து நிறுத்து
Inhibition, தயக்கம் / தடை
Initial, ஆரம்ப கட்ட
Initially, தொடக்கத்தில்
Initiate, தொடங்கு
Initiative, முயற்சி
Inject, செலுத்து (ஊசி)
Injection, ஊசி போடுதல்
Injure, காயப்படுத்து
Injured, காயமடைந்த
Injury, காயம்
Injustice, அநீதி
Ink, மை
Inland, உள்நாட்டு
Inmate, சிறைவாசி / விடுதிவாசி
Inn, சத்திரம் / விடுதி
Nnate, இயல்பான / பிறப்பில அமைந்த
Inner, உள்
Innocence, அமைதி / வெள்ளந்தித் தனம்
Innocent, குற்றமற்றவர்
Innovate, புதுமைசெய்
Innovation, புதுமை
Innovative, வினோதமான / புதுமையான
Inquire, விசாரி
Inquiry, விசாரணை
Insane, பைத்தியக்காரத்தனமான
Inscription, கல்வெட்டு
Insect, பூச்சி
Insecure, பாதுகாப்பற்ற
Insert, செருகவும்
Insertion, செருகுதல்
Inside, உள்ளே
Insight, நுண்ணறிவு
Insignia, முத்திரை / சின்னம்
Insignificant, முக்கியத்துவமற்ற
Insist, வற்புறுத்து
Insolent, திமிரான
Inspect, ஆய்வு செய்
Inspection, ஆய்வு
Inspector, ஆய்வாளர்
Inspiration, ஈர்ப்பு / ஊக்கம்
Inspire, ஊக்கமளி
Instability, நிலையற்ற தன்மை
Install, நிறுவு
Installation, நிறுவல்
Instance, உதாரணம்
Instant, உடனடி
Instantly, உடனடியாக
Instead, பதிலாக
Instinct, இயல்புணர்ச்சி
Institute, நிறுவனம்
Institution, நிறுவனம்
Instruct, கற்பி / கட்டளையிடு
Instruction, அறிவுறுத்தல்
Instructor, பயிற்றுவிப்பாளர்
Instrument, கருவி
Insult, அவமானம்
Insurance, காப்பீடு
Insure, காப்பீடு செய்
Intact, சேதமடையாத
Intake, உட்கொள்ளல்
Intangible, அருவமான / தொட்டு உணர முடியாத
Integrate, ஒருங்கிணை
Integration, ஒருங்கிணைப்பு
Integrity, நேர்மை / ஒழுக்கம்
Intellect, புத்தி கூர்மை
Intellectual, அறிவாளி
Intelligence, நுண்ணறிவு / உளவுத்துறை
Intelligent, புத்திசாலியான
Intend, நோக்கம் கொள்
Intense, தீவிரமான
Intensity, தீவிரத்தன்மை
Intensive, தீவிர
Intent, நோக்கம்
Intention, எண்ணம் / நோக்கம்
Intentional, திட்டமிட்ட
Interact, உரையாடு / வினையாற்று
Interaction, தொடர்பு
Intercede, பரிந்துரை செய்
Intercept, இடையில் மறி
Interchange, பரிமாற்றம்
Intercourse, தொடர்பு / உடலுறவு
Interest, ஆர்வம் / வட்டி
Interested, ஆர்வமுள்ள
Interesting, சுவாரஸ்யமான
Interfere, தலையிடு
Interference, தலையீடு
Interim, இடைக்கால
Interior, உட்புறம்
Intermediate, இடைநிலை
Intermittent, விட்டுவிட்டு நிகழும்
Internal, உள்நாட்டு / உட்புற
International, சர்வதேச
Internet, இணையம்
Interpret, மொழிபெயர் / விளக்கு
Interpretation, விளக்கம்
Interpreter, மொழிபெயர்ப்பாளர்
Interrogate, விசாரணை செய்
Interrupt, இடையூறு செய்
Interruption, இடையூறு
Intersect, குறுக்கிடு
Intersection, சந்திப்பு (சாலை)
Interval, இடைவேளை
Intervene, தலையிடு
Intervention, தலையீடு
Interview, நேர்காணல்
Intimate, நெருக்கமான
Intimidate, மிரட்டு
Intolerable, சகித்துக்கொள்ள முடியாத
Intricate, சிக்கலான
Intrigue, சதி / ஆர்வத்தைத் தூண்டு
Intrinsic, உள்ளார்ந்த
Introduce, அறிமுகப்படுத்து
Introduction, அறிமுகம்
Intrude, அத்துமீறி நுழை
Intruder, ஊடுருவல்காரன்
Intuition, உள்ளுணர்வு
Inundate, வெள்ளத்தில் மூழ்கடி
Insuing, தொடர்ந்து வரும்
Invade, படைபெடுத்து வா
Invalid, செல்லாத / நோயாளி
Invaluable, விலைமதிப்பற்ற
Invasion, படையெடுப்பு
Invent, கண்டுபிடி
Invention, கண்டுபிடிப்பு
Inventor, கண்டுபிடிப்பாளர்
Inventory, சரக்குப்பட்டியல்
Invert, தலைகீழாக்கு
Invest, முதலீடு செய்
Investigate, புலனாய்வு செய்
Investigation, புலனாய்வு
Investigator, புலனாய்வாளர்
Investment, முதலீடு
Investor, முதலீட்டாளர்
Invincible, வெல்ல முடியாத
Invisible, கண்ணுக்குத் தெரியாத
Invitation, அழைப்பிதழ்
Invite, அழை
Invoice, ரசீது / விலைப்பட்டியல்
Involve, ஈடுபடுத்து
Involvement, ஈடுபாடு
Inward, உள்நோக்கிய
Iodine, அயோடின்
Iron, இரும்பு / इस्த்ரி செய்
Irony, முரண் / கேலி
Irrigation, பாசனம்
Irritable, எரிச்சலடையும்
Irritate, எரிச்சலூட்டு
Island, தீவு
Isolate, தனிமைப்படுத்து
Isolation, தனிமை
Issue, பிரச்சனை / வெளியீடு
It, இது
Item, பொருள் / உருப்படி
Itinerary, பயணத்திட்டம்
Ivory, யானைத்தந்தம்
Ivy, கொடி வகை
